session,lat,lon,data,time
runner,43.3573277,-1.8642984,OSM,2022-04-15T08:12:01.000Z
runner,43.3573619,-1.8643484,OSM,2022-04-15T08:12:05.000Z
runner,43.3573865,-1.8644119,OSM,2022-04-15T08:12:09.000Z
runner,43.3574195,-1.8644667,OSM,2022-04-15T08:12:12.000Z
runner,43.3574542,-1.8645074,OSM,2022-04-15T08:12:14.000Z
runner,43.3574979,-1.8645471,OSM,2022-04-15T08:12:17.000Z
runner,43.3575357,-1.8645872,OSM,2022-04-15T08:12:22.000Z
runner,43.3575473,-1.8646564,OSM,2022-04-15T08:12:28.000Z
runner,43.3575662,-1.8647276,OSM,2022-04-15T08:12:34.000Z
runner,43.3575457,-1.8647900,OSM,2022-04-15T08:12:39.000Z
runner,43.3575345,-1.8648500,OSM,2022-04-15T08:12:49.000Z
runner,43.3574867,-1.8648904,OSM,2022-04-15T08:12:54.000Z
runner,43.3574593,-1.8649607,OSM,2022-04-15T08:12:58.000Z
runner,43.3574374,-1.8650346,OSM,2022-04-15T08:13:02.000Z
runner,43.3574281,-1.8651069,OSM,2022-04-15T08:13:06.000Z
runner,43.3574165,-1.8651687,OSM,2022-04-15T08:13:10.000Z
runner,43.3573930,-1.8652316,OSM,2022-04-15T08:13:17.000Z
runner,43.3573676,-1.8652999,OSM,2022-04-15T08:13:22.000Z
runner,43.3573511,-1.8653614,OSM,2022-04-15T08:13:26.000Z
runner,43.3573220,-1.8654215,OSM,2022-04-15T08:13:30.000Z
runner,43.3572964,-1.8654879,OSM,2022-04-15T08:13:35.000Z
runner,43.3572780,-1.8655583,OSM,2022-04-15T08:13:40.000Z
runner,43.3572531,-1.8656261,OSM,2022-04-15T08:13:45.000Z
runner,43.3572317,-1.8656970,OSM,2022-04-15T08:13:50.000Z
runner,43.3572304,-1.8657649,OSM,2022-04-15T08:13:54.000Z
runner,43.3572233,-1.8658372,OSM,2022-04-15T08:13:57.000Z
runner,43.3572104,-1.8659089,OSM,2022-04-15T08:14:00.000Z
runner,43.3571905,-1.8659821,OSM,2022-04-15T08:14:04.000Z
runner,43.3571793,-1.8660577,OSM,2022-04-15T08:14:08.000Z
runner,43.3571653,-1.8661309,OSM,2022-04-15T08:14:12.000Z
runner,43.3571652,-1.8662049,OSM,2022-04-15T08:14:16.000Z
runner,43.3571532,-1.8662808,OSM,2022-04-15T08:14:20.000Z
runner,43.3571347,-1.8663526,OSM,2022-04-15T08:14:24.000Z
runner,43.3571194,-1.8664362,OSM,2022-04-15T08:14:28.000Z
runner,43.3571149,-1.8665022,OSM,2022-04-15T08:14:32.000Z
runner,43.3571032,-1.8665736,OSM,2022-04-15T08:14:36.000Z
runner,43.3570851,-1.8666469,OSM,2022-04-15T08:14:40.000Z
runner,43.3570668,-1.8667108,OSM,2022-04-15T08:14:44.000Z
runner,43.3570327,-1.8667619,OSM,2022-04-15T08:14:48.000Z
runner,43.3569886,-1.8668004,OSM,2022-04-15T08:14:52.000Z
runner,43.3569663,-1.8668554,OSM,2022-04-15T08:14:55.000Z
runner,43.3569660,-1.8669228,OSM,2022-04-15T08:14:59.000Z
runner,43.3569715,-1.8669858,OSM,2022-04-15T08:15:03.000Z
runner,43.3569752,-1.8670629,OSM,2022-04-15T08:15:08.000Z
runner,43.3569829,-1.8671276,OSM,2022-04-15T08:15:12.000Z
runner,43.3569503,-1.8671871,OSM,2022-04-15T08:15:16.000Z
runner,43.3569274,-1.8672535,OSM,2022-04-15T08:15:20.000Z
runner,43.3568968,-1.8673166,OSM,2022-04-15T08:15:25.000Z
runner,43.3568609,-1.8673571,OSM,2022-04-15T08:15:29.000Z
runner,43.3568410,-1.8674209,OSM,2022-04-15T08:15:33.000Z
runner,43.3568012,-1.8674713,OSM,2022-04-15T08:15:37.000Z
runner,43.3567612,-1.8675017,OSM,2022-04-15T08:15:41.000Z
runner,43.3567281,-1.8675505,OSM,2022-04-15T08:15:45.000Z
runner,43.3567510,-1.8676172,OSM,2022-04-15T08:15:50.000Z
runner,43.3567951,-1.8676502,OSM,2022-04-15T08:15:59.000Z
runner,43.3568374,-1.8676782,OSM,2022-04-15T08:16:03.000Z
runner,43.3568536,-1.8677429,OSM,2022-04-15T08:16:09.000Z
runner,43.3568061,-1.8677634,OSM,2022-04-15T08:16:19.000Z
runner,43.3567714,-1.8678237,OSM,2022-04-15T08:16:34.000Z
runner,43.3568549,-1.8679005,OSM,2022-04-15T08:16:38.000Z
runner,43.3568104,-1.8678654,OSM,2022-04-15T08:16:41.000Z
runner,43.3567641,-1.8678277,OSM,2022-04-15T08:16:43.000Z
runner,43.3567201,-1.8677382,OSM,2022-04-15T08:16:45.000Z
runner,43.3567134,-1.8676603,OSM,2022-04-15T08:16:47.000Z
runner,43.3567083,-1.8675842,OSM,2022-04-15T08:16:50.000Z
runner,43.3566902,-1.8675249,OSM,2022-04-15T08:17:02.000Z
runner,43.3566440,-1.8675233,OSM,2022-04-15T08:17:07.000Z
runner,43.3566048,-1.8675980,OSM,2022-04-15T08:17:09.000Z
runner,43.3566541,-1.8676509,OSM,2022-04-15T08:17:12.000Z
runner,43.3566892,-1.8676966,OSM,2022-04-15T08:17:16.000Z
runner,43.3567336,-1.8677327,OSM,2022-04-15T08:17:25.000Z
runner,43.3567097,-1.8677885,OSM,2022-04-15T08:17:40.000Z
runner,43.3566663,-1.8678133,OSM,2022-04-15T08:17:48.000Z
runner,43.3566140,-1.8678414,OSM,2022-04-15T08:17:53.000Z
runner,43.3565665,-1.8678645,OSM,2022-04-15T08:17:57.000Z
runner,43.3565453,-1.8679246,OSM,2022-04-15T08:18:02.000Z
runner,43.3565226,-1.8679951,OSM,2022-04-15T08:18:10.000Z
runner,43.3565400,-1.8680644,OSM,2022-04-15T08:18:20.000Z
runner,43.3565679,-1.8681149,OSM,2022-04-15T08:18:23.000Z
runner,43.3566005,-1.8681718,OSM,2022-04-15T08:18:27.000Z
runner,43.3566570,-1.8681809,OSM,2022-04-15T08:18:36.000Z
runner,43.3567055,-1.8681475,OSM,2022-04-15T08:18:39.000Z
runner,43.3566869,-1.8680662,OSM,2022-04-15T08:18:52.000Z
runner,43.3567315,-1.8680560,OSM,2022-04-15T08:18:57.000Z
runner,43.3566949,-1.8681004,OSM,2022-04-15T08:19:40.000Z
runner,43.3566557,-1.8681399,OSM,2022-04-15T08:19:50.000Z
runner,43.3566127,-1.8681089,OSM,2022-04-15T08:19:55.000Z
runner,43.3566018,-1.8680386,OSM,2022-04-15T08:20:14.000Z
runner,43.3565865,-1.8679702,OSM,2022-04-15T08:20:21.000Z
runner,43.3565448,-1.8679408,OSM,2022-04-15T08:20:25.000Z
runner,43.3564927,-1.8679509,OSM,2022-04-15T08:20:29.000Z
runner,43.3564491,-1.8679829,OSM,2022-04-15T08:20:34.000Z
runner,43.3564571,-1.8680474,OSM,2022-04-15T08:20:39.000Z
runner,43.3564348,-1.8681030,OSM,2022-04-15T08:20:44.000Z
runner,43.3564424,-1.8681723,OSM,2022-04-15T08:20:50.000Z
runner,43.3564794,-1.8682118,OSM,2022-04-15T08:20:54.000Z
runner,43.3565080,-1.8682650,OSM,2022-04-15T08:20:59.000Z
runner,43.3565274,-1.8683213,OSM,2022-04-15T08:21:04.000Z
runner,43.3565236,-1.8683956,OSM,2022-04-15T08:21:09.000Z
runner,43.3565232,-1.8684672,OSM,2022-04-15T08:21:17.000Z
runner,43.3564661,-1.8684568,OSM,2022-04-15T08:21:23.000Z
runner,43.3564914,-1.8683976,OSM,2022-04-15T08:21:37.000Z
runner,43.3564557,-1.8683478,OSM,2022-04-15T08:21:47.000Z
runner,43.3564111,-1.8683659,OSM,2022-04-15T08:21:51.000Z
runner,43.3564019,-1.8684371,OSM,2022-04-15T08:21:56.000Z
runner,43.3563881,-1.8685054,OSM,2022-04-15T08:22:01.000Z
runner,43.3563571,-1.8685557,OSM,2022-04-15T08:22:07.000Z
runner,43.3563494,-1.8686288,OSM,2022-04-15T08:22:12.000Z
runner,43.3563458,-1.8686986,OSM,2022-04-15T08:22:16.000Z
runner,43.3563477,-1.8687823,OSM,2022-04-15T08:22:21.000Z
runner,43.3563533,-1.8688500,OSM,2022-04-15T08:22:23.000Z
runner,43.3563386,-1.8689368,OSM,2022-04-15T08:22:26.000Z
runner,43.3563104,-1.8689876,OSM,2022-04-15T08:22:29.000Z
runner,43.3562554,-1.8689906,OSM,2022-04-15T08:22:33.000Z
runner,43.3563075,-1.8689734,OSM,2022-04-15T08:22:44.000Z
runner,43.3563096,-1.8689095,OSM,2022-04-15T08:22:47.000Z
runner,43.3562726,-1.8688532,OSM,2022-04-15T08:22:52.000Z
runner,43.3562276,-1.8688436,OSM,2022-04-15T08:22:56.000Z
runner,43.3561804,-1.8688706,OSM,2022-04-15T08:23:00.000Z
runner,43.3561330,-1.8688904,OSM,2022-04-15T08:23:05.000Z
runner,43.3561330,-1.8689656,OSM,2022-04-15T08:23:09.000Z
runner,43.3561238,-1.8690297,OSM,2022-04-15T08:23:13.000Z
runner,43.3561611,-1.8690793,OSM,2022-04-15T08:23:19.000Z
runner,43.3562095,-1.8690501,OSM,2022-04-15T08:23:23.000Z
runner,43.3562423,-1.8691016,OSM,2022-04-15T08:23:29.000Z
runner,43.3562883,-1.8691036,OSM,2022-04-15T08:23:34.000Z
runner,43.3563251,-1.8691394,OSM,2022-04-15T08:23:43.000Z
runner,43.3562790,-1.8691197,OSM,2022-04-15T08:23:54.000Z
runner,43.3562230,-1.8690960,OSM,2022-04-15T08:24:31.000Z
runner,43.3561786,-1.8690824,OSM,2022-04-15T08:24:33.000Z
runner,43.3561518,-1.8690313,OSM,2022-04-15T08:24:37.000Z
runner,43.3561538,-1.8689633,OSM,2022-04-15T08:24:42.000Z
runner,43.3561711,-1.8689018,OSM,2022-04-15T08:24:46.000Z
runner,43.3561273,-1.8688836,OSM,2022-04-15T08:24:55.000Z
runner,43.3561141,-1.8689453,OSM,2022-04-15T08:25:02.000Z
runner,43.3560979,-1.8690039,OSM,2022-04-15T08:25:07.000Z
runner,43.3560977,-1.8690686,OSM,2022-04-15T08:25:11.000Z
runner,43.3560583,-1.8690998,OSM,2022-04-15T08:25:16.000Z
runner,43.3560278,-1.8691509,OSM,2022-04-15T08:25:22.000Z
runner,43.3559960,-1.8692029,OSM,2022-04-15T08:25:28.000Z
runner,43.3560131,-1.8692685,OSM,2022-04-15T08:25:36.000Z
runner,43.3560390,-1.8693285,OSM,2022-04-15T08:25:44.000Z
runner,43.3560749,-1.8692855,OSM,2022-04-15T08:26:07.000Z
runner,43.3560779,-1.8692191,OSM,2022-04-15T08:26:13.000Z
runner,43.3561085,-1.8691648,OSM,2022-04-15T08:26:26.000Z
runner,43.3561584,-1.8691469,OSM,2022-04-15T08:26:33.000Z
runner,43.3561742,-1.8690835,OSM,2022-04-15T08:26:36.000Z
runner,43.3561982,-1.8690175,OSM,2022-04-15T08:26:41.000Z
runner,43.3562173,-1.8689520,OSM,2022-04-15T08:26:47.000Z
runner,43.3562479,-1.8689034,OSM,2022-04-15T08:26:52.000Z
runner,43.3563021,-1.8688930,OSM,2022-04-15T08:26:57.000Z
runner,43.3563499,-1.8689109,OSM,2022-04-15T08:27:02.000Z
runner,43.3563915,-1.8689588,OSM,2022-04-15T08:27:07.000Z
runner,43.3564286,-1.8689943,OSM,2022-04-15T08:27:11.000Z
runner,43.3564694,-1.8690464,OSM,2022-04-15T08:27:38.000Z
runner,43.3565009,-1.8691036,OSM,2022-04-15T08:27:42.000Z
runner,43.3565358,-1.8691488,OSM,2022-04-15T08:27:46.000Z
runner,43.3565483,-1.8692147,OSM,2022-04-15T08:27:50.000Z
runner,43.3565637,-1.8692803,OSM,2022-04-15T08:27:55.000Z
runner,43.3565921,-1.8693300,OSM,2022-04-15T08:27:59.000Z
runner,43.3566224,-1.8693836,OSM,2022-04-15T08:28:06.000Z
runner,43.3566399,-1.8694424,OSM,2022-04-15T08:28:14.000Z
runner,43.3566092,-1.8694893,OSM,2022-04-15T08:28:20.000Z
runner,43.3566310,-1.8695508,OSM,2022-04-15T08:28:23.000Z
runner,43.3566432,-1.8696109,OSM,2022-04-15T08:28:26.000Z
runner,43.3566631,-1.8696759,OSM,2022-04-15T08:28:30.000Z
runner,43.3566820,-1.8697351,OSM,2022-04-15T08:28:36.000Z
runner,43.3567057,-1.8697912,OSM,2022-04-15T08:28:41.000Z
runner,43.3567363,-1.8698478,OSM,2022-04-15T08:28:46.000Z
runner,43.3567636,-1.8699040,OSM,2022-04-15T08:28:50.000Z
runner,43.3567796,-1.8699636,OSM,2022-04-15T08:28:53.000Z
runner,43.3568001,-1.8700319,OSM,2022-04-15T08:28:57.000Z
runner,43.3568299,-1.8701020,OSM,2022-04-15T08:29:01.000Z
runner,43.3568596,-1.8701846,OSM,2022-04-15T08:29:04.000Z
runner,43.3568825,-1.8702395,OSM,2022-04-15T08:29:06.000Z
runner,43.3569103,-1.8702884,OSM,2022-04-15T08:29:09.000Z
runner,43.3569242,-1.8703817,OSM,2022-04-15T08:29:12.000Z
runner,43.3569491,-1.8704642,OSM,2022-04-15T08:29:15.000Z
runner,43.3569617,-1.8705326,OSM,2022-04-15T08:29:17.000Z
runner,43.3569810,-1.8705907,OSM,2022-04-15T08:29:20.000Z
runner,43.3570238,-1.8706176,OSM,2022-04-15T08:29:24.000Z
runner,43.3570669,-1.8706396,OSM,2022-04-15T08:29:27.000Z
runner,43.3571089,-1.8706781,OSM,2022-04-15T08:29:30.000Z
runner,43.3571234,-1.8707440,OSM,2022-04-15T08:29:33.000Z
runner,43.3571359,-1.8708177,OSM,2022-04-15T08:29:37.000Z
runner,43.3571401,-1.8708795,OSM,2022-04-15T08:29:41.000Z
runner,43.3571198,-1.8709418,OSM,2022-04-15T08:29:45.000Z
runner,43.3570910,-1.8710033,OSM,2022-04-15T08:29:49.000Z
runner,43.3570961,-1.8710778,OSM,2022-04-15T08:29:54.000Z
runner,43.3571102,-1.8711522,OSM,2022-04-15T08:29:59.000Z
runner,43.3571225,-1.8712164,OSM,2022-04-15T08:30:03.000Z
runner,43.3571454,-1.8712721,OSM,2022-04-15T08:30:07.000Z
runner,43.3571644,-1.8713372,OSM,2022-04-15T08:30:12.000Z
runner,43.3571618,-1.8714128,OSM,2022-04-15T08:30:16.000Z
runner,43.3571597,-1.8714916,OSM,2022-04-15T08:30:20.000Z
runner,43.3571794,-1.8715649,OSM,2022-04-15T08:30:24.000Z
runner,43.3572029,-1.8716255,OSM,2022-04-15T08:30:28.000Z
runner,43.3572136,-1.8716998,OSM,2022-04-15T08:30:33.000Z
runner,43.3572074,-1.8717762,OSM,2022-04-15T08:30:38.000Z
runner,43.3571687,-1.8718101,OSM,2022-04-15T08:30:44.000Z
runner,43.3572028,-1.8718535,OSM,2022-04-15T08:31:03.000Z
runner,43.3572156,-1.8719263,OSM,2022-04-15T08:31:07.000Z
runner,43.3571783,-1.8719831,OSM,2022-04-15T08:31:12.000Z
runner,43.3571841,-1.8720629,OSM,2022-04-15T08:31:16.000Z
runner,43.3571765,-1.8721298,OSM,2022-04-15T08:31:19.000Z
runner,43.3571773,-1.8722086,OSM,2022-04-15T08:31:23.000Z
runner,43.3571874,-1.8722693,OSM,2022-04-15T08:31:26.000Z
runner,43.3572032,-1.8723302,OSM,2022-04-15T08:31:30.000Z
runner,43.3572173,-1.8723925,OSM,2022-04-15T08:31:40.000Z
runner,43.3572452,-1.8724598,OSM,2022-04-15T08:31:44.000Z
runner,43.3572518,-1.8725279,OSM,2022-04-15T08:31:48.000Z
runner,43.3572869,-1.8725762,OSM,2022-04-15T08:31:53.000Z
runner,43.3573419,-1.8725790,OSM,2022-04-15T08:31:57.000Z
runner,43.3574008,-1.8725825,OSM,2022-04-15T08:32:01.000Z
runner,43.3574589,-1.8725908,OSM,2022-04-15T08:32:05.000Z
runner,43.3575089,-1.8725677,OSM,2022-04-15T08:32:09.000Z
runner,43.3575503,-1.8725333,OSM,2022-04-15T08:32:13.000Z
runner,43.3576045,-1.8725136,OSM,2022-04-15T08:32:18.000Z
runner,43.3576559,-1.8724815,OSM,2022-04-15T08:32:23.000Z
runner,43.3576987,-1.8724519,OSM,2022-04-15T08:32:27.000Z
runner,43.3577393,-1.8724065,OSM,2022-04-15T08:32:32.000Z
runner,43.3577859,-1.8723916,OSM,2022-04-15T08:32:36.000Z
runner,43.3578416,-1.8723812,OSM,2022-04-15T08:32:40.000Z
runner,43.3578993,-1.8723673,OSM,2022-04-15T08:32:44.000Z
runner,43.3579535,-1.8723894,OSM,2022-04-15T08:32:47.000Z
runner,43.3580004,-1.8723705,OSM,2022-04-15T08:32:50.000Z
runner,43.3580464,-1.8723752,OSM,2022-04-15T08:32:54.000Z
runner,43.3580901,-1.8724031,OSM,2022-04-15T08:32:58.000Z
runner,43.3581231,-1.8724466,OSM,2022-04-15T08:33:01.000Z
runner,43.3581540,-1.8724917,OSM,2022-04-15T08:33:04.000Z
runner,43.3581718,-1.8725491,OSM,2022-04-15T08:33:11.000Z
runner,43.3582184,-1.8725933,OSM,2022-04-15T08:33:15.000Z
runner,43.3582551,-1.8726409,OSM,2022-04-15T08:33:20.000Z
runner,43.3583019,-1.8726798,OSM,2022-04-15T08:33:25.000Z
runner,43.3583356,-1.8727293,OSM,2022-04-15T08:33:29.000Z
runner,43.3583622,-1.8727830,OSM,2022-04-15T08:33:33.000Z
runner,43.3584024,-1.8728358,OSM,2022-04-15T08:33:39.000Z
runner,43.3584416,-1.8728878,OSM,2022-04-15T08:33:43.000Z
runner,43.3584821,-1.8729354,OSM,2022-04-15T08:33:47.000Z
runner,43.3585212,-1.8729871,OSM,2022-04-15T08:33:51.000Z
runner,43.3585517,-1.8730335,OSM,2022-04-15T08:33:55.000Z
runner,43.3585932,-1.8730796,OSM,2022-04-15T08:34:00.000Z
runner,43.3586323,-1.8731267,OSM,2022-04-15T08:34:05.000Z
runner,43.3586142,-1.8731904,OSM,2022-04-15T08:34:12.000Z
runner,43.3585747,-1.8732225,OSM,2022-04-15T08:34:16.000Z
runner,43.3585554,-1.8732813,OSM,2022-04-15T08:34:20.000Z
runner,43.3585545,-1.8733454,OSM,2022-04-15T08:34:24.000Z
runner,43.3585792,-1.8734042,OSM,2022-04-15T08:34:28.000Z
runner,43.3586011,-1.8734676,OSM,2022-04-15T08:34:34.000Z
runner,43.3586075,-1.8735321,OSM,2022-04-15T08:34:41.000Z
runner,43.3586508,-1.8735594,OSM,2022-04-15T08:34:46.000Z
runner,43.3586806,-1.8736165,OSM,2022-04-15T08:34:59.000Z
runner,43.3586880,-1.8736856,OSM,2022-04-15T08:35:04.000Z
runner,43.3587277,-1.8737180,OSM,2022-04-15T08:35:09.000Z
runner,43.3587674,-1.8737647,OSM,2022-04-15T08:35:15.000Z
runner,43.3587927,-1.8738266,OSM,2022-04-15T08:35:20.000Z
runner,43.3588246,-1.8738816,OSM,2022-04-15T08:35:25.000Z
runner,43.3588200,-1.8739432,OSM,2022-04-15T08:35:29.000Z
runner,43.3587912,-1.8739936,OSM,2022-04-15T08:35:33.000Z
runner,43.3587834,-1.8740574,OSM,2022-04-15T08:35:38.000Z
runner,43.3588177,-1.8741011,OSM,2022-04-15T08:35:43.000Z
runner,43.3588636,-1.8740736,OSM,2022-04-15T08:36:14.000Z
runner,43.3588685,-1.8741397,OSM,2022-04-15T08:36:19.000Z
runner,43.3589289,-1.8741515,OSM,2022-04-15T08:36:26.000Z
runner,43.3589816,-1.8741690,OSM,2022-04-15T08:36:30.000Z
runner,43.3590373,-1.8741708,OSM,2022-04-15T08:36:37.000Z
runner,43.3590844,-1.8741398,OSM,2022-04-15T08:36:41.000Z
runner,43.3591363,-1.8741373,OSM,2022-04-15T08:36:46.000Z
runner,43.3591562,-1.8741940,OSM,2022-04-15T08:36:52.000Z
runner,43.3592024,-1.8742002,OSM,2022-04-15T08:36:56.000Z
runner,43.3592466,-1.8742173,OSM,2022-04-15T08:37:00.000Z
runner,43.3592838,-1.8742530,OSM,2022-04-15T08:37:03.000Z
runner,43.3593280,-1.8742760,OSM,2022-04-15T08:37:06.000Z
runner,43.3593670,-1.8743256,OSM,2022-04-15T08:37:12.000Z
runner,43.3594037,-1.8743650,OSM,2022-04-15T08:37:17.000Z
runner,43.3594337,-1.8744202,OSM,2022-04-15T08:37:22.000Z
runner,43.3594820,-1.8744244,OSM,2022-04-15T08:37:29.000Z
runner,43.3595283,-1.8744191,OSM,2022-04-15T08:37:34.000Z
runner,43.3595744,-1.8743827,OSM,2022-04-15T08:37:40.000Z
runner,43.3596189,-1.8743727,OSM,2022-04-15T08:37:51.000Z
runner,43.3596814,-1.8743631,OSM,2022-04-15T08:37:58.000Z
runner,43.3597267,-1.8743664,OSM,2022-04-15T08:38:02.000Z
runner,43.3597793,-1.8743823,OSM,2022-04-15T08:38:17.000Z
runner,43.3598231,-1.8744231,OSM,2022-04-15T08:38:21.000Z
runner,43.3598509,-1.8744790,OSM,2022-04-15T08:38:25.000Z
runner,43.3598854,-1.8745451,OSM,2022-04-15T08:38:29.000Z
runner,43.3599123,-1.8746143,OSM,2022-04-15T08:38:33.000Z
runner,43.3599441,-1.8746713,OSM,2022-04-15T08:38:36.000Z
runner,43.3599651,-1.8747427,OSM,2022-04-15T08:38:40.000Z
runner,43.3599857,-1.8748092,OSM,2022-04-15T08:38:43.000Z
runner,43.3599955,-1.8748831,OSM,2022-04-15T08:38:47.000Z
runner,43.3600216,-1.8749405,OSM,2022-04-15T08:39:04.000Z
runner,43.3600530,-1.8749906,OSM,2022-04-15T08:39:13.000Z
runner,43.3600670,-1.8750521,OSM,2022-04-15T08:39:15.000Z
runner,43.3600792,-1.8751183,OSM,2022-04-15T08:39:17.000Z
runner,43.3601040,-1.8751964,OSM,2022-04-15T08:39:20.000Z
runner,43.3601249,-1.8752718,OSM,2022-04-15T08:39:23.000Z
runner,43.3601535,-1.8753396,OSM,2022-04-15T08:39:25.000Z
runner,43.3601982,-1.8753541,OSM,2022-04-15T08:39:27.000Z
runner,43.3602503,-1.8753778,OSM,2022-04-15T08:39:31.000Z
runner,43.3602521,-1.8754407,OSM,2022-04-15T08:39:34.000Z
runner,43.3602139,-1.8753937,OSM,2022-04-15T08:39:42.000Z
runner,43.3602441,-1.8753460,OSM,2022-04-15T08:39:49.000Z
runner,43.3602883,-1.8753649,OSM,2022-04-15T08:39:57.000Z
runner,43.3603276,-1.8753293,OSM,2022-04-15T08:40:09.000Z
runner,43.3603755,-1.8752938,OSM,2022-04-15T08:40:14.000Z
runner,43.3604158,-1.8752448,OSM,2022-04-15T08:40:19.000Z
runner,43.3604510,-1.8752049,OSM,2022-04-15T08:40:24.000Z
runner,43.3604629,-1.8751434,OSM,2022-04-15T08:40:28.000Z
runner,43.3604902,-1.8750796,OSM,2022-04-15T08:40:33.000Z
runner,43.3605424,-1.8750785,OSM,2022-04-15T08:40:39.000Z
runner,43.3605899,-1.8750781,OSM,2022-04-15T08:40:43.000Z
runner,43.3606388,-1.8750721,OSM,2022-04-15T08:40:47.000Z
runner,43.3606877,-1.8750716,OSM,2022-04-15T08:40:56.000Z
runner,43.3607375,-1.8750785,OSM,2022-04-15T08:40:59.000Z
runner,43.3607877,-1.8750600,OSM,2022-04-15T08:41:05.000Z
runner,43.3608344,-1.8750376,OSM,2022-04-15T08:41:10.000Z
runner,43.3608812,-1.8750148,OSM,2022-04-15T08:41:17.000Z
runner,43.3609340,-1.8749863,OSM,2022-04-15T08:41:22.000Z
runner,43.3609832,-1.8749748,OSM,2022-04-15T08:41:27.000Z
runner,43.3610330,-1.8749688,OSM,2022-04-15T08:41:33.000Z
runner,43.3610428,-1.8750442,OSM,2022-04-15T08:41:42.000Z
runner,43.3610950,-1.8750095,OSM,2022-04-15T08:41:47.000Z
runner,43.3611412,-1.8749800,OSM,2022-04-15T08:41:51.000Z
runner,43.3611918,-1.8749816,OSM,2022-04-15T08:41:55.000Z
runner,43.3612422,-1.8749659,OSM,2022-04-15T08:42:01.000Z
runner,43.3612946,-1.8749489,OSM,2022-04-15T08:42:06.000Z
runner,43.3613413,-1.8749442,OSM,2022-04-15T08:42:10.000Z
runner,43.3613692,-1.8748907,OSM,2022-04-15T08:42:16.000Z
runner,43.3614101,-1.8748439,OSM,2022-04-15T08:42:40.000Z
runner,43.3614602,-1.8748194,OSM,2022-04-15T08:42:45.000Z
runner,43.3614734,-1.8747582,OSM,2022-04-15T08:42:50.000Z
runner,43.3615154,-1.8747350,OSM,2022-04-15T08:42:55.000Z
runner,43.3615699,-1.8747454,OSM,2022-04-15T08:43:00.000Z
runner,43.3616188,-1.8747657,OSM,2022-04-15T08:43:05.000Z
runner,43.3616705,-1.8747494,OSM,2022-04-15T08:43:12.000Z
runner,43.3617154,-1.8747355,OSM,2022-04-15T08:43:26.000Z
runner,43.3617568,-1.8747108,OSM,2022-04-15T08:43:31.000Z
runner,43.3617942,-1.8746764,OSM,2022-04-15T08:44:27.000Z
runner,43.3617502,-1.8747052,OSM,2022-04-15T08:45:02.000Z
runner,43.3617423,-1.8746431,OSM,2022-04-15T08:45:26.000Z
runner,43.3617106,-1.8746880,OSM,2022-04-15T08:45:37.000Z
runner,43.3617625,-1.8747168,OSM,2022-04-15T08:45:55.000Z
runner,43.3617968,-1.8746519,OSM,2022-04-15T08:46:11.000Z
runner,43.3617717,-1.8746000,OSM,2022-04-15T08:46:21.000Z
runner,43.3618115,-1.8745686,OSM,2022-04-15T08:46:30.000Z
runner,43.3618567,-1.8745564,OSM,2022-04-15T08:46:42.000Z
runner,43.3619007,-1.8745807,OSM,2022-04-15T08:46:46.000Z
runner,43.3619534,-1.8745748,OSM,2022-04-15T08:46:51.000Z
runner,43.3619914,-1.8745324,OSM,2022-04-15T08:46:56.000Z
runner,43.3620422,-1.8745104,OSM,2022-04-15T08:47:01.000Z
runner,43.3620799,-1.8744612,OSM,2022-04-15T08:47:06.000Z
runner,43.3621266,-1.8744457,OSM,2022-04-15T08:47:10.000Z
runner,43.3621723,-1.8744385,OSM,2022-04-15T08:47:15.000Z
runner,43.3622130,-1.8743938,OSM,2022-04-15T08:47:21.000Z
runner,43.3622528,-1.8743313,OSM,2022-04-15T08:47:26.000Z
runner,43.3622978,-1.8743061,OSM,2022-04-15T08:47:31.000Z
runner,43.3623408,-1.8742876,OSM,2022-04-15T08:47:38.000Z
runner,43.3623778,-1.8742439,OSM,2022-04-15T08:48:30.000Z
runner,43.3624059,-1.8741812,OSM,2022-04-15T08:48:36.000Z
runner,43.3624433,-1.8741431,OSM,2022-04-15T08:48:43.000Z
runner,43.3624888,-1.8741687,OSM,2022-04-15T08:48:48.000Z
runner,43.3625221,-1.8742143,OSM,2022-04-15T08:48:57.000Z
runner,43.3625576,-1.8741649,OSM,2022-04-15T08:49:01.000Z
runner,43.3626092,-1.8741544,OSM,2022-04-15T08:49:06.000Z
runner,43.3626406,-1.8741008,OSM,2022-04-15T08:49:52.000Z
runner,43.3626693,-1.8740459,OSM,2022-04-15T08:49:57.000Z
runner,43.3627151,-1.8740316,OSM,2022-04-15T08:50:00.000Z
runner,43.3627654,-1.8740026,OSM,2022-04-15T08:50:05.000Z
runner,43.3627785,-1.8739254,OSM,2022-04-15T08:50:28.000Z
runner,43.3628274,-1.8738867,OSM,2022-04-15T08:50:30.000Z
runner,43.3627909,-1.8739259,OSM,2022-04-15T08:51:26.000Z
runner,43.3627400,-1.8739463,OSM,2022-04-15T08:54:08.000Z
runner,43.3626926,-1.8739480,OSM,2022-04-15T08:54:14.000Z
runner,43.3626776,-1.8738806,OSM,2022-04-15T08:54:23.000Z
runner,43.3626618,-1.8738106,OSM,2022-04-15T08:54:28.000Z
runner,43.3626242,-1.8737566,OSM,2022-04-15T08:54:33.000Z
runner,43.3626203,-1.8736933,OSM,2022-04-15T08:54:38.000Z
runner,43.3626066,-1.8736246,OSM,2022-04-15T08:54:45.000Z
runner,43.3626440,-1.8735638,OSM,2022-04-15T08:54:58.000Z
runner,43.3626321,-1.8734933,OSM,2022-04-15T08:55:04.000Z
runner,43.3626187,-1.8734257,OSM,2022-04-15T08:55:09.000Z
runner,43.3625987,-1.8733686,OSM,2022-04-15T08:55:16.000Z
runner,43.3625948,-1.8733031,OSM,2022-04-15T08:55:25.000Z
runner,43.3625868,-1.8732407,OSM,2022-04-15T08:55:33.000Z
runner,43.3625715,-1.8731794,OSM,2022-04-15T08:55:43.000Z
runner,43.3625385,-1.8731326,OSM,2022-04-15T08:55:49.000Z
runner,43.3625189,-1.8730652,OSM,2022-04-15T08:55:54.000Z
runner,43.3625051,-1.8730044,OSM,2022-04-15T08:55:59.000Z
runner,43.3625099,-1.8729343,OSM,2022-04-15T08:56:04.000Z
runner,43.3625024,-1.8728646,OSM,2022-04-15T08:56:09.000Z
runner,43.3624989,-1.8727959,OSM,2022-04-15T08:56:14.000Z
runner,43.3624827,-1.8727351,OSM,2022-04-15T08:56:18.000Z
runner,43.3625052,-1.8726752,OSM,2022-04-15T08:56:23.000Z
runner,43.3624648,-1.8727055,OSM,2022-04-15T08:56:55.000Z
runner,43.3624123,-1.8727081,OSM,2022-04-15T08:56:59.000Z
runner,43.3623927,-1.8726397,OSM,2022-04-15T08:57:03.000Z
runner,43.3624041,-1.8725654,OSM,2022-04-15T08:57:07.000Z
runner,43.3623892,-1.8724944,OSM,2022-04-15T08:57:12.000Z
runner,43.3623943,-1.8724318,OSM,2022-04-15T08:57:17.000Z
runner,43.3623687,-1.8723679,OSM,2022-04-15T08:57:23.000Z
runner,43.3623787,-1.8723036,OSM,2022-04-15T08:57:29.000Z
runner,43.3623433,-1.8722524,OSM,2022-04-15T08:57:47.000Z
runner,43.3622947,-1.8722401,OSM,2022-04-15T08:57:55.000Z
runner,43.3622697,-1.8721830,OSM,2022-04-15T08:58:06.000Z
runner,43.3622461,-1.8721177,OSM,2022-04-15T08:58:13.000Z
runner,43.3622118,-1.8720677,OSM,2022-04-15T08:58:18.000Z
runner,43.3621699,-1.8720341,OSM,2022-04-15T08:58:24.000Z
runner,43.3621405,-1.8719777,OSM,2022-04-15T08:58:31.000Z
runner,43.3621363,-1.8719120,OSM,2022-04-15T08:58:39.000Z
runner,43.3621419,-1.8718434,OSM,2022-04-15T08:58:44.000Z
runner,43.3621220,-1.8717855,OSM,2022-04-15T08:58:49.000Z
runner,43.3621112,-1.8717248,OSM,2022-04-15T08:58:53.000Z
runner,43.3621083,-1.8716593,OSM,2022-04-15T08:58:58.000Z
runner,43.3621021,-1.8715962,OSM,2022-04-15T08:59:11.000Z
runner,43.3621033,-1.8715293,OSM,2022-04-15T08:59:22.000Z
runner,43.3621253,-1.8714602,OSM,2022-04-15T08:59:27.000Z
runner,43.3620892,-1.8714151,OSM,2022-04-15T08:59:49.000Z
runner,43.3620423,-1.8714237,OSM,2022-04-15T09:00:05.000Z
runner,43.3620808,-1.8713742,OSM,2022-04-15T09:00:29.000Z
runner,43.3621157,-1.8713342,OSM,2022-04-15T09:00:43.000Z
runner,43.3621044,-1.8713981,OSM,2022-04-15T09:01:58.000Z
runner,43.3621477,-1.8714413,OSM,2022-04-15T09:02:03.000Z
runner,43.3621952,-1.8714170,OSM,2022-04-15T09:02:09.000Z
runner,43.3621973,-1.8713493,OSM,2022-04-15T09:02:40.000Z
runner,43.3622384,-1.8713210,OSM,2022-04-15T09:02:44.000Z
runner,43.3622839,-1.8712947,OSM,2022-04-15T09:02:48.000Z
runner,43.3623355,-1.8712963,OSM,2022-04-15T09:02:52.000Z
runner,43.3623683,-1.8712388,OSM,2022-04-15T09:02:56.000Z
runner,43.3623947,-1.8711823,OSM,2022-04-15T09:03:00.000Z
runner,43.3624391,-1.8712035,OSM,2022-04-15T09:03:06.000Z
runner,43.3624919,-1.8711775,OSM,2022-04-15T09:03:12.000Z
runner,43.3625330,-1.8711413,OSM,2022-04-15T09:03:16.000Z
runner,43.3625803,-1.8710943,OSM,2022-04-15T09:03:20.000Z
runner,43.3625935,-1.8710299,OSM,2022-04-15T09:03:24.000Z
runner,43.3626386,-1.8709890,OSM,2022-04-15T09:03:28.000Z
runner,43.3626894,-1.8709731,OSM,2022-04-15T09:03:31.000Z
runner,43.3627354,-1.8709631,OSM,2022-04-15T09:03:34.000Z
runner,43.3627833,-1.8709694,OSM,2022-04-15T09:03:38.000Z
runner,43.3628381,-1.8709561,OSM,2022-04-15T09:03:42.000Z
runner,43.3628903,-1.8709622,OSM,2022-04-15T09:03:45.000Z
runner,43.3629445,-1.8709825,OSM,2022-04-15T09:03:48.000Z
runner,43.3630007,-1.8710038,OSM,2022-04-15T09:03:51.000Z
runner,43.3630568,-1.8710033,OSM,2022-04-15T09:03:54.000Z
runner,43.3631107,-1.8709870,OSM,2022-04-15T09:03:57.000Z
runner,43.3631536,-1.8709608,OSM,2022-04-15T09:04:01.000Z
runner,43.3631941,-1.8709274,OSM,2022-04-15T09:04:05.000Z
runner,43.3632408,-1.8709194,OSM,2022-04-15T09:04:09.000Z
runner,43.3632808,-1.8708759,OSM,2022-04-15T09:04:13.000Z
runner,43.3632610,-1.8708197,OSM,2022-04-15T09:04:17.000Z
runner,43.3632584,-1.8707568,OSM,2022-04-15T09:04:25.000Z
runner,43.3632920,-1.8707036,OSM,2022-04-15T09:04:32.000Z
runner,43.3633381,-1.8706695,OSM,2022-04-15T09:04:39.000Z
runner,43.3633824,-1.8706223,OSM,2022-04-15T09:04:47.000Z
runner,43.3634285,-1.8706111,OSM,2022-04-15T09:04:54.000Z
runner,43.3634333,-1.8706761,OSM,2022-04-15T09:04:58.000Z
runner,43.3634705,-1.8707424,OSM,2022-04-15T09:05:01.000Z
runner,43.3634962,-1.8707986,OSM,2022-04-15T09:05:04.000Z
runner,43.3635219,-1.8708603,OSM,2022-04-15T09:05:09.000Z
runner,43.3635566,-1.8709126,OSM,2022-04-15T09:05:14.000Z
runner,43.3635649,-1.8709767,OSM,2022-04-15T09:05:19.000Z
runner,43.3636082,-1.8709946,OSM,2022-04-15T09:05:24.000Z
runner,43.3635928,-1.8709353,OSM,2022-04-15T09:05:37.000Z
runner,43.3635961,-1.8710032,OSM,2022-04-15T09:07:13.000Z
runner,43.3636407,-1.8710328,OSM,2022-04-15T09:08:11.000Z
runner,43.3636785,-1.8710862,OSM,2022-04-15T09:08:15.000Z
runner,43.3637225,-1.8711167,OSM,2022-04-15T09:08:19.000Z
runner,43.3637255,-1.8711788,OSM,2022-04-15T09:08:25.000Z
runner,43.3637491,-1.8711217,OSM,2022-04-15T09:08:58.000Z
runner,43.3637260,-1.8710647,OSM,2022-04-15T09:09:10.000Z
runner,43.3637357,-1.8710021,OSM,2022-04-15T09:09:33.000Z
runner,43.3636943,-1.8709635,OSM,2022-04-15T09:10:49.000Z
runner,43.3637375,-1.8709875,OSM,2022-04-15T09:10:57.000Z
runner,43.3636929,-1.8710120,OSM,2022-04-15T09:11:16.000Z
runner,43.3636948,-1.8710760,OSM,2022-04-15T09:11:19.000Z
runner,43.3637241,-1.8711248,OSM,2022-04-15T09:11:24.000Z
runner,43.3636733,-1.8711268,OSM,2022-04-15T09:11:29.000Z
runner,43.3637208,-1.8711563,OSM,2022-04-15T09:11:35.000Z
runner,43.3637663,-1.8711357,OSM,2022-04-15T09:11:38.000Z
runner,43.3638188,-1.8712127,OSM,2022-04-15T09:11:43.000Z
runner,43.3638172,-1.8712810,OSM,2022-04-15T09:12:02.000Z
runner,43.3638195,-1.8713547,OSM,2022-04-15T09:12:06.000Z
runner,43.3637679,-1.8713657,OSM,2022-04-15T09:12:15.000Z
runner,43.3637196,-1.8713601,OSM,2022-04-15T09:12:24.000Z
runner,43.3637687,-1.8713002,OSM,2022-04-15T09:12:40.000Z
runner,43.3638122,-1.8712720,OSM,2022-04-15T09:12:43.000Z
runner,43.3638610,-1.8712307,OSM,2022-04-15T09:13:09.000Z
runner,43.3638611,-1.8711654,OSM,2022-04-15T09:13:16.000Z
runner,43.3638169,-1.8711069,OSM,2022-04-15T09:13:22.000Z
runner,43.3638136,-1.8710298,OSM,2022-04-15T09:13:26.000Z
runner,43.3638820,-1.8710091,OSM,2022-04-15T09:13:28.000Z
runner,43.3639326,-1.8710376,OSM,2022-04-15T09:13:31.000Z
runner,43.3639639,-1.8710825,OSM,2022-04-15T09:14:21.000Z
runner,43.3640133,-1.8710804,OSM,2022-04-15T09:14:36.000Z
runner,43.3640165,-1.8710158,OSM,2022-04-15T09:14:49.000Z
runner,43.3639888,-1.8709583,OSM,2022-04-15T09:14:56.000Z
runner,43.3639612,-1.8709008,OSM,2022-04-15T09:15:05.000Z
runner,43.3639515,-1.8708368,OSM,2022-04-15T09:15:11.000Z
runner,43.3639298,-1.8707719,OSM,2022-04-15T09:15:16.000Z
runner,43.3639325,-1.8707035,OSM,2022-04-15T09:15:21.000Z
runner,43.3639817,-1.8707353,OSM,2022-04-15T09:15:24.000Z
runner,43.3640178,-1.8707809,OSM,2022-04-15T09:15:29.000Z
runner,43.3639865,-1.8708404,OSM,2022-04-15T09:15:39.000Z
runner,43.3639621,-1.8707741,OSM,2022-04-15T09:15:48.000Z
runner,43.3639227,-1.8707143,OSM,2022-04-15T09:15:52.000Z
runner,43.3639149,-1.8707926,OSM,2022-04-15T09:16:02.000Z
runner,43.3639374,-1.8708740,OSM,2022-04-15T09:16:05.000Z
runner,43.3639256,-1.8709434,OSM,2022-04-15T09:16:08.000Z
runner,43.3638814,-1.8709203,OSM,2022-04-15T09:16:10.000Z
runner,43.3638633,-1.8708469,OSM,2022-04-15T09:16:13.000Z
runner,43.3638722,-1.8707780,OSM,2022-04-15T09:16:19.000Z
runner,43.3638752,-1.8708477,OSM,2022-04-15T09:16:27.000Z
runner,43.3639206,-1.8709035,OSM,2022-04-15T09:16:30.000Z
runner,43.3639460,-1.8709552,OSM,2022-04-15T09:16:32.000Z
runner,43.3639623,-1.8710378,OSM,2022-04-15T09:16:35.000Z
runner,43.3639857,-1.8710964,OSM,2022-04-15T09:16:38.000Z
runner,43.3639902,-1.8711603,OSM,2022-04-15T09:16:42.000Z
runner,43.3640158,-1.8710893,OSM,2022-04-15T09:17:00.000Z
runner,43.3639781,-1.8710360,OSM,2022-04-15T09:17:03.000Z
runner,43.3639480,-1.8709871,OSM,2022-04-15T09:17:07.000Z
runner,43.3639171,-1.8709327,OSM,2022-04-15T09:17:13.000Z
runner,43.3638765,-1.8708852,OSM,2022-04-15T09:17:19.000Z
runner,43.3638333,-1.8708295,OSM,2022-04-15T09:17:26.000Z
runner,43.3638455,-1.8707666,OSM,2022-04-15T09:17:29.000Z
runner,43.3638828,-1.8707216,OSM,2022-04-15T09:18:07.000Z
runner,43.3639185,-1.8706834,OSM,2022-04-15T09:18:17.000Z
runner,43.3638867,-1.8706143,OSM,2022-04-15T09:18:24.000Z
runner,43.3638818,-1.8705466,OSM,2022-04-15T09:18:28.000Z
runner,43.3638451,-1.8705103,OSM,2022-04-15T09:18:33.000Z
runner,43.3638150,-1.8704632,OSM,2022-04-15T09:18:45.000Z
runner,43.3637982,-1.8704032,OSM,2022-04-15T09:18:50.000Z
runner,43.3637770,-1.8703389,OSM,2022-04-15T09:18:57.000Z
runner,43.3637315,-1.8702986,OSM,2022-04-15T09:19:02.000Z
runner,43.3636791,-1.8702753,OSM,2022-04-15T09:19:08.000Z
runner,43.3636319,-1.8702882,OSM,2022-04-15T09:19:15.000Z
runner,43.3635831,-1.8702609,OSM,2022-04-15T09:19:19.000Z
runner,43.3635545,-1.8702097,OSM,2022-04-15T09:19:25.000Z
runner,43.3635149,-1.8701772,OSM,2022-04-15T09:19:29.000Z
runner,43.3634558,-1.8701648,OSM,2022-04-15T09:19:34.000Z
runner,43.3634040,-1.8701522,OSM,2022-04-15T09:19:38.000Z
runner,43.3634168,-1.8700866,OSM,2022-04-15T09:19:43.000Z
runner,43.3634542,-1.8700385,OSM,2022-04-15T09:19:46.000Z
runner,43.3634623,-1.8699764,OSM,2022-04-15T09:19:51.000Z
runner,43.3634234,-1.8699355,OSM,2022-04-15T09:19:58.000Z
runner,43.3633836,-1.8698900,OSM,2022-04-15T09:20:03.000Z
runner,43.3634114,-1.8698263,OSM,2022-04-15T09:20:09.000Z
runner,43.3634315,-1.8697662,OSM,2022-04-15T09:20:15.000Z
runner,43.3634418,-1.8697004,OSM,2022-04-15T09:20:23.000Z
runner,43.3634907,-1.8696814,OSM,2022-04-15T09:20:28.000Z
runner,43.3634926,-1.8696123,OSM,2022-04-15T09:20:34.000Z
runner,43.3635486,-1.8696015,OSM,2022-04-15T09:20:38.000Z
runner,43.3635868,-1.8695545,OSM,2022-04-15T09:20:42.000Z
runner,43.3636242,-1.8695083,OSM,2022-04-15T09:20:51.000Z
runner,43.3636632,-1.8694574,OSM,2022-04-15T09:20:56.000Z
runner,43.3637101,-1.8694546,OSM,2022-04-15T09:21:06.000Z
runner,43.3637494,-1.8695023,OSM,2022-04-15T09:21:15.000Z
runner,43.3637800,-1.8695745,OSM,2022-04-15T09:21:21.000Z
runner,43.3637828,-1.8696438,OSM,2022-04-15T09:21:24.000Z
runner,43.3638058,-1.8697008,OSM,2022-04-15T09:21:29.000Z
runner,43.3638500,-1.8697589,OSM,2022-04-15T09:21:34.000Z
runner,43.3638931,-1.8697815,OSM,2022-04-15T09:21:47.000Z
runner,43.3638674,-1.8698376,OSM,2022-04-15T09:21:51.000Z
runner,43.3638090,-1.8698412,OSM,2022-04-15T09:22:05.000Z
runner,43.3637606,-1.8698302,OSM,2022-04-15T09:22:07.000Z
runner,43.3638005,-1.8698783,OSM,2022-04-15T09:22:12.000Z
runner,43.3637549,-1.8699115,OSM,2022-04-15T09:22:22.000Z
runner,43.3637275,-1.8698516,OSM,2022-04-15T09:22:27.000Z
runner,43.3637502,-1.8697779,OSM,2022-04-15T09:22:31.000Z
runner,43.3637995,-1.8697524,OSM,2022-04-15T09:22:34.000Z
runner,43.3637882,-1.8698187,OSM,2022-04-15T09:22:44.000Z
runner,43.3637869,-1.8698816,OSM,2022-04-15T09:22:55.000Z
runner,43.3638262,-1.8699202,OSM,2022-04-15T09:22:59.000Z
runner,43.3637809,-1.8698838,OSM,2022-04-15T09:23:04.000Z
runner,43.3637639,-1.8698214,OSM,2022-04-15T09:23:14.000Z
runner,43.3637330,-1.8697751,OSM,2022-04-15T09:23:21.000Z
runner,43.3637176,-1.8698394,OSM,2022-04-15T09:23:44.000Z
runner,43.3637534,-1.8698813,OSM,2022-04-15T09:23:51.000Z
runner,43.3637907,-1.8699210,OSM,2022-04-15T09:23:58.000Z
runner,43.3638088,-1.8699843,OSM,2022-04-15T09:24:07.000Z
runner,43.3638607,-1.8699918,OSM,2022-04-15T09:24:14.000Z
runner,43.3639057,-1.8700027,OSM,2022-04-15T09:24:19.000Z
runner,43.3639262,-1.8700928,OSM,2022-04-15T09:24:26.000Z
runner,43.3639244,-1.8701616,OSM,2022-04-15T09:24:28.000Z
runner,43.3639733,-1.8701599,OSM,2022-04-15T09:24:55.000Z
runner,43.3639603,-1.8702360,OSM,2022-04-15T09:25:11.000Z
runner,43.3639722,-1.8703014,OSM,2022-04-15T09:25:14.000Z
runner,43.3640118,-1.8703479,OSM,2022-04-15T09:25:18.000Z
runner,43.3640536,-1.8703840,OSM,2022-04-15T09:25:23.000Z
runner,43.3640906,-1.8704295,OSM,2022-04-15T09:25:27.000Z
runner,43.3640931,-1.8704916,OSM,2022-04-15T09:25:30.000Z
runner,43.3640826,-1.8705612,OSM,2022-04-15T09:25:35.000Z
runner,43.3640602,-1.8706152,OSM,2022-04-15T09:25:38.000Z
runner,43.3640666,-1.8706801,OSM,2022-04-15T09:25:42.000Z
runner,43.3640729,-1.8707468,OSM,2022-04-15T09:25:46.000Z
runner,43.3640813,-1.8708183,OSM,2022-04-15T09:25:50.000Z
runner,43.3641312,-1.8708686,OSM,2022-04-15T09:25:55.000Z
runner,43.3641743,-1.8709070,OSM,2022-04-15T09:25:58.000Z
runner,43.3642143,-1.8709364,OSM,2022-04-15T09:26:05.000Z
runner,43.3642569,-1.8709759,OSM,2022-04-15T09:26:17.000Z
runner,43.3643065,-1.8709861,OSM,2022-04-15T09:26:22.000Z
runner,43.3643581,-1.8709781,OSM,2022-04-15T09:26:27.000Z
runner,43.3644040,-1.8710026,OSM,2022-04-15T09:26:31.000Z
runner,43.3644487,-1.8710195,OSM,2022-04-15T09:26:34.000Z
runner,43.3644940,-1.8710527,OSM,2022-04-15T09:26:39.000Z
runner,43.3645361,-1.8710153,OSM,2022-04-15T09:26:49.000Z
runner,43.3645555,-1.8709474,OSM,2022-04-15T09:26:56.000Z
runner,43.3645700,-1.8708843,OSM,2022-04-15T09:27:14.000Z
runner,43.3645865,-1.8708238,OSM,2022-04-15T09:27:17.000Z
runner,43.3645992,-1.8707492,OSM,2022-04-15T09:27:21.000Z
runner,43.3646277,-1.8706855,OSM,2022-04-15T09:27:26.000Z
runner,43.3646550,-1.8706307,OSM,2022-04-15T09:27:30.000Z
runner,43.3646814,-1.8705782,OSM,2022-04-15T09:27:36.000Z
runner,43.3647044,-1.8705173,OSM,2022-04-15T09:27:41.000Z
runner,43.3647463,-1.8704946,OSM,2022-04-15T09:27:45.000Z
runner,43.3647927,-1.8704657,OSM,2022-04-15T09:27:50.000Z
runner,43.3648217,-1.8704052,OSM,2022-04-15T09:27:55.000Z
runner,43.3648729,-1.8704049,OSM,2022-04-15T09:28:01.000Z
runner,43.3649178,-1.8704307,OSM,2022-04-15T09:28:05.000Z
runner,43.3649573,-1.8703898,OSM,2022-04-15T09:28:08.000Z
runner,43.3649214,-1.8704433,OSM,2022-04-15T09:28:13.000Z
runner,43.3649393,-1.8703775,OSM,2022-04-15T09:28:20.000Z
runner,43.3649848,-1.8703369,OSM,2022-04-15T09:28:24.000Z
runner,43.3650072,-1.8702722,OSM,2022-04-15T09:28:27.000Z
runner,43.3650238,-1.8702007,OSM,2022-04-15T09:28:31.000Z
runner,43.3650635,-1.8701535,OSM,2022-04-15T09:28:36.000Z
runner,43.3651145,-1.8701580,OSM,2022-04-15T09:28:40.000Z
runner,43.3651601,-1.8701180,OSM,2022-04-15T09:28:44.000Z
runner,43.3652118,-1.8701364,OSM,2022-04-15T09:28:47.000Z
runner,43.3652506,-1.8701835,OSM,2022-04-15T09:28:51.000Z
runner,43.3652512,-1.8702560,OSM,2022-04-15T09:29:07.000Z
runner,43.3652310,-1.8703237,OSM,2022-04-15T09:29:13.000Z
runner,43.3652425,-1.8703876,OSM,2022-04-15T09:29:21.000Z
runner,43.3652185,-1.8703336,OSM,2022-04-15T09:29:38.000Z
runner,43.3651759,-1.8703109,OSM,2022-04-15T09:29:50.000Z
runner,43.3651317,-1.8703255,OSM,2022-04-15T09:30:15.000Z
runner,43.3651021,-1.8703760,OSM,2022-04-15T09:30:20.000Z
runner,43.3650887,-1.8704409,OSM,2022-04-15T09:30:25.000Z
runner,43.3650535,-1.8704975,OSM,2022-04-15T09:30:29.000Z
runner,43.3650437,-1.8704247,OSM,2022-04-15T09:30:35.000Z
runner,43.3650881,-1.8703851,OSM,2022-04-15T09:30:38.000Z
runner,43.3650446,-1.8703505,OSM,2022-04-15T09:30:46.000Z
runner,43.3649998,-1.8703414,OSM,2022-04-15T09:30:54.000Z
runner,43.3650119,-1.8702704,OSM,2022-04-15T09:31:01.000Z
runner,43.3650259,-1.8703428,OSM,2022-04-15T09:31:11.000Z
runner,43.3650240,-1.8702796,OSM,2022-04-15T09:31:25.000Z
runner,43.3650336,-1.8702169,OSM,2022-04-15T09:31:36.000Z
runner,43.3650792,-1.8702153,OSM,2022-04-15T09:31:40.000Z
runner,43.3650987,-1.8701488,OSM,2022-04-15T09:31:45.000Z
runner,43.3650775,-1.8700866,OSM,2022-04-15T09:31:49.000Z
runner,43.3651239,-1.8700573,OSM,2022-04-15T09:31:56.000Z
runner,43.3651729,-1.8700547,OSM,2022-04-15T09:32:00.000Z
runner,43.3652066,-1.8699986,OSM,2022-04-15T09:32:06.000Z
runner,43.3652282,-1.8699406,OSM,2022-04-15T09:32:12.000Z
runner,43.3652403,-1.8698756,OSM,2022-04-15T09:32:19.000Z
runner,43.3652835,-1.8698464,OSM,2022-04-15T09:32:26.000Z
runner,43.3653014,-1.8697823,OSM,2022-04-15T09:32:32.000Z
runner,43.3653386,-1.8697434,OSM,2022-04-15T09:32:38.000Z
runner,43.3653864,-1.8697350,OSM,2022-04-15T09:32:43.000Z
runner,43.3654315,-1.8697204,OSM,2022-04-15T09:32:48.000Z
runner,43.3654722,-1.8697510,OSM,2022-04-15T09:32:56.000Z
runner,43.3654926,-1.8698073,OSM,2022-04-15T09:33:03.000Z
runner,43.3655316,-1.8698438,OSM,2022-04-15T09:33:08.000Z
runner,43.3655814,-1.8698736,OSM,2022-04-15T09:33:14.000Z
runner,43.3656208,-1.8699051,OSM,2022-04-15T09:33:18.000Z
runner,43.3656575,-1.8699580,OSM,2022-04-15T09:33:22.000Z
runner,43.3657064,-1.8699802,OSM,2022-04-15T09:33:27.000Z
runner,43.3657543,-1.8699762,OSM,2022-04-15T09:33:32.000Z
runner,43.3657937,-1.8699324,OSM,2022-04-15T09:33:36.000Z
runner,43.3658473,-1.8699406,OSM,2022-04-15T09:33:40.000Z
runner,43.3658975,-1.8699317,OSM,2022-04-15T09:33:46.000Z
runner,43.3659477,-1.8699489,OSM,2022-04-15T09:33:53.000Z
runner,43.3659932,-1.8699688,OSM,2022-04-15T09:34:00.000Z
runner,43.3660073,-1.8700305,OSM,2022-04-15T09:34:08.000Z
runner,43.3659848,-1.8700976,OSM,2022-04-15T09:34:14.000Z
runner,43.3660004,-1.8701890,OSM,2022-04-15T09:34:19.000Z
runner,43.3660417,-1.8702368,OSM,2022-04-15T09:34:22.000Z
runner,43.3660349,-1.8703073,OSM,2022-04-15T09:34:28.000Z
runner,43.3659979,-1.8703426,OSM,2022-04-15T09:34:32.000Z
runner,43.3660366,-1.8703883,OSM,2022-04-15T09:34:37.000Z
runner,43.3660892,-1.8703730,OSM,2022-04-15T09:34:43.000Z
runner,43.3661267,-1.8704108,OSM,2022-04-15T09:34:47.000Z
runner,43.3661797,-1.8704282,OSM,2022-04-15T09:34:52.000Z
runner,43.3662083,-1.8704848,OSM,2022-04-15T09:34:58.000Z
runner,43.3662244,-1.8704166,OSM,2022-04-15T09:35:02.000Z
runner,43.3662749,-1.8704009,OSM,2022-04-15T09:35:09.000Z
runner,43.3662931,-1.8704667,OSM,2022-04-15T09:35:24.000Z
runner,43.3663204,-1.8705192,OSM,2022-04-15T09:35:35.000Z
runner,43.3663336,-1.8705808,OSM,2022-04-15T09:35:44.000Z
runner,43.3663644,-1.8706307,OSM,2022-04-15T09:35:49.000Z
runner,43.3663979,-1.8705824,OSM,2022-04-15T09:36:07.000Z
runner,43.3664441,-1.8705868,OSM,2022-04-15T09:36:10.000Z
runner,43.3664950,-1.8705974,OSM,2022-04-15T09:36:15.000Z
runner,43.3665342,-1.8706280,OSM,2022-04-15T09:36:19.000Z
runner,43.3665530,-1.8705701,OSM,2022-04-15T09:36:23.000Z
runner,43.3665681,-1.8705063,OSM,2022-04-15T09:36:28.000Z
runner,43.3665767,-1.8704438,OSM,2022-04-15T09:36:33.000Z
runner,43.3666040,-1.8703932,OSM,2022-04-15T09:36:40.000Z
runner,43.3665812,-1.8703390,OSM,2022-04-15T09:36:48.000Z
runner,43.3666003,-1.8702781,OSM,2022-04-15T09:36:54.000Z
runner,43.3666353,-1.8702288,OSM,2022-04-15T09:36:58.000Z
runner,43.3665990,-1.8701829,OSM,2022-04-15T09:37:05.000Z
runner,43.3666514,-1.8701696,OSM,2022-04-15T09:37:10.000Z
runner,43.3666987,-1.8701476,OSM,2022-04-15T09:37:14.000Z
runner,43.3667420,-1.8701115,OSM,2022-04-15T09:37:19.000Z
runner,43.3667880,-1.8701100,OSM,2022-04-15T09:38:43.000Z
runner,43.3667431,-1.8701045,OSM,2022-04-15T09:38:56.000Z
runner,43.3667567,-1.8701708,OSM,2022-04-15T09:39:06.000Z
runner,43.3668070,-1.8701758,OSM,2022-04-15T09:39:24.000Z
runner,43.3668442,-1.8702153,OSM,2022-04-15T09:40:02.000Z
runner,43.3668060,-1.8701752,OSM,2022-04-15T09:40:09.000Z
runner,43.3668309,-1.8702405,OSM,2022-04-15T09:40:14.000Z
runner,43.3667881,-1.8702211,OSM,2022-04-15T09:40:33.000Z
runner,43.3667702,-1.8701597,OSM,2022-04-15T09:41:15.000Z
runner,43.3667961,-1.8701040,OSM,2022-04-15T09:41:23.000Z
runner,43.3668042,-1.8700348,OSM,2022-04-15T09:41:27.000Z
runner,43.3668671,-1.8700429,OSM,2022-04-15T09:41:30.000Z
runner,43.3668564,-1.8701139,OSM,2022-04-15T09:41:36.000Z
runner,43.3668137,-1.8701611,OSM,2022-04-15T09:41:38.000Z
runner,43.3667709,-1.8701205,OSM,2022-04-15T09:41:47.000Z
runner,43.3667353,-1.8700658,OSM,2022-04-15T09:41:51.000Z
runner,43.3667193,-1.8700001,OSM,2022-04-15T09:41:56.000Z
runner,43.3667060,-1.8699372,OSM,2022-04-15T09:42:01.000Z
runner,43.3667396,-1.8698918,OSM,2022-04-15T09:42:09.000Z
runner,43.3667668,-1.8698325,OSM,2022-04-15T09:42:15.000Z
runner,43.3668005,-1.8697824,OSM,2022-04-15T09:42:20.000Z
runner,43.3668260,-1.8697277,OSM,2022-04-15T09:42:25.000Z
runner,43.3668252,-1.8696651,OSM,2022-04-15T09:42:33.000Z
runner,43.3668338,-1.8695966,OSM,2022-04-15T09:42:39.000Z
runner,43.3668521,-1.8695386,OSM,2022-04-15T09:42:45.000Z
runner,43.3668879,-1.8694876,OSM,2022-04-15T09:42:51.000Z
runner,43.3669397,-1.8694678,OSM,2022-04-15T09:42:56.000Z
runner,43.3669794,-1.8694239,OSM,2022-04-15T09:43:01.000Z
runner,43.3670243,-1.8693879,OSM,2022-04-15T09:43:06.000Z
runner,43.3670647,-1.8693493,OSM,2022-04-15T09:43:10.000Z
runner,43.3671107,-1.8693309,OSM,2022-04-15T09:43:14.000Z
runner,43.3671504,-1.8692916,OSM,2022-04-15T09:43:19.000Z
runner,43.3671818,-1.8692470,OSM,2022-04-15T09:43:24.000Z
runner,43.3672126,-1.8691992,OSM,2022-04-15T09:43:29.000Z
runner,43.3672576,-1.8691696,OSM,2022-04-15T09:43:33.000Z
runner,43.3673017,-1.8691332,OSM,2022-04-15T09:43:38.000Z
runner,43.3673367,-1.8690751,OSM,2022-04-15T09:43:43.000Z
runner,43.3673721,-1.8690265,OSM,2022-04-15T09:43:48.000Z
runner,43.3674130,-1.8689781,OSM,2022-04-15T09:43:53.000Z
runner,43.3674523,-1.8689257,OSM,2022-04-15T09:43:58.000Z
runner,43.3674708,-1.8688671,OSM,2022-04-15T09:44:02.000Z
runner,43.3674650,-1.8688018,OSM,2022-04-15T09:44:06.000Z
runner,43.3674755,-1.8687400,OSM,2022-04-15T09:44:11.000Z
runner,43.3675265,-1.8687791,OSM,2022-04-15T09:44:14.000Z
runner,43.3675687,-1.8688104,OSM,2022-04-15T09:44:18.000Z
runner,43.3676034,-1.8688598,OSM,2022-04-15T09:44:21.000Z
runner,43.3676253,-1.8689174,OSM,2022-04-15T09:44:23.000Z
runner,43.3676610,-1.8689628,OSM,2022-04-15T09:44:28.000Z
runner,43.3677117,-1.8689349,OSM,2022-04-15T09:44:33.000Z
runner,43.3677593,-1.8689592,OSM,2022-04-15T09:44:39.000Z
runner,43.3678085,-1.8689292,OSM,2022-04-15T09:44:44.000Z
runner,43.3678562,-1.8689388,OSM,2022-04-15T09:44:47.000Z
runner,43.3678995,-1.8689606,OSM,2022-04-15T09:44:50.000Z
runner,43.3679527,-1.8689906,OSM,2022-04-15T09:44:54.000Z
runner,43.3679979,-1.8690152,OSM,2022-04-15T09:44:58.000Z
runner,43.3680479,-1.8690352,OSM,2022-04-15T09:45:06.000Z
runner,43.3680958,-1.8690407,OSM,2022-04-15T09:45:11.000Z
runner,43.3681477,-1.8690249,OSM,2022-04-15T09:45:16.000Z
runner,43.3681967,-1.8690368,OSM,2022-04-15T09:45:20.000Z
runner,43.3682484,-1.8690325,OSM,2022-04-15T09:45:25.000Z
runner,43.3682928,-1.8690190,OSM,2022-04-15T09:45:28.000Z
runner,43.3682335,-1.8690375,OSM,2022-04-15T09:46:52.000Z
runner,43.3682059,-1.8689752,OSM,2022-04-15T09:46:58.000Z
runner,43.3681848,-1.8689182,OSM,2022-04-15T09:47:03.000Z
runner,43.3681536,-1.8688630,OSM,2022-04-15T09:47:08.000Z
runner,43.3681058,-1.8688453,OSM,2022-04-15T09:47:14.000Z
runner,43.3680679,-1.8688048,OSM,2022-04-15T09:47:19.000Z
runner,43.3680485,-1.8687471,OSM,2022-04-15T09:47:28.000Z
runner,43.3680158,-1.8686951,OSM,2022-04-15T09:47:41.000Z
runner,43.3680245,-1.8687584,OSM,2022-04-15T09:47:53.000Z
runner,43.3680380,-1.8688276,OSM,2022-04-15T09:47:57.000Z
runner,43.3680650,-1.8688805,OSM,2022-04-15T09:48:03.000Z
runner,43.3680206,-1.8688337,OSM,2022-04-15T09:48:09.000Z
runner,43.3680754,-1.8688662,OSM,2022-04-15T09:48:28.000Z
runner,43.3681270,-1.8688893,OSM,2022-04-15T09:48:33.000Z
runner,43.3681705,-1.8688700,OSM,2022-04-15T09:48:38.000Z
runner,43.3682194,-1.8688899,OSM,2022-04-15T09:48:40.000Z
runner,43.3682508,-1.8689486,OSM,2022-04-15T09:48:44.000Z
runner,43.3682170,-1.8689962,OSM,2022-04-15T09:48:53.000Z
runner,43.3681564,-1.8689871,OSM,2022-04-15T09:49:07.000Z
runner,43.3681158,-1.8690260,OSM,2022-04-15T09:49:18.000Z
runner,43.3680689,-1.8690667,OSM,2022-04-15T09:50:07.000Z
runner,43.3681175,-1.8690742,OSM,2022-04-15T09:50:13.000Z
runner,43.3681438,-1.8690167,OSM,2022-04-15T09:50:17.000Z
runner,43.3680974,-1.8689377,OSM,2022-04-15T09:50:20.000Z
runner,43.3680544,-1.8688669,OSM,2022-04-15T09:50:22.000Z
runner,43.3680202,-1.8688193,OSM,2022-04-15T09:50:26.000Z
runner,43.3680683,-1.8687946,OSM,2022-04-15T09:50:36.000Z
runner,43.3680619,-1.8688558,OSM,2022-04-15T09:50:49.000Z
runner,43.3681038,-1.8688858,OSM,2022-04-15T09:50:53.000Z
runner,43.3681500,-1.8688922,OSM,2022-04-15T09:50:58.000Z
runner,43.3681971,-1.8688770,OSM,2022-04-15T09:51:01.000Z
runner,43.3682411,-1.8688489,OSM,2022-04-15T09:51:05.000Z
runner,43.3682138,-1.8687996,OSM,2022-04-15T09:51:10.000Z
runner,43.3682037,-1.8687291,OSM,2022-04-15T09:51:16.000Z
runner,43.3682171,-1.8686576,OSM,2022-04-15T09:51:22.000Z
runner,43.3682278,-1.8685851,OSM,2022-04-15T09:51:28.000Z
runner,43.3682775,-1.8685972,OSM,2022-04-15T09:51:32.000Z
runner,43.3683203,-1.8686209,OSM,2022-04-15T09:51:37.000Z
runner,43.3683601,-1.8686525,OSM,2022-04-15T09:51:42.000Z
runner,43.3684006,-1.8687018,OSM,2022-04-15T09:51:54.000Z
runner,43.3683659,-1.8686614,OSM,2022-04-15T09:55:41.000Z
runner,43.3683365,-1.8686055,OSM,2022-04-15T09:57:58.000Z
runner,43.3683145,-1.8685439,OSM,2022-04-15T09:58:03.000Z
runner,43.3682934,-1.8684858,OSM,2022-04-15T09:58:08.000Z
runner,43.3682595,-1.8684289,OSM,2022-04-15T09:58:13.000Z
runner,43.3682758,-1.8683620,OSM,2022-04-15T09:58:20.000Z
runner,43.3682350,-1.8683238,OSM,2022-04-15T09:58:24.000Z
runner,43.3681906,-1.8683385,OSM,2022-04-15T09:58:29.000Z
runner,43.3681445,-1.8683340,OSM,2022-04-15T09:58:32.000Z
runner,43.3681096,-1.8682915,OSM,2022-04-15T09:58:36.000Z
runner,43.3680929,-1.8682254,OSM,2022-04-15T09:58:45.000Z
runner,43.3680623,-1.8681731,OSM,2022-04-15T09:58:52.000Z
runner,43.3680237,-1.8681339,OSM,2022-04-15T09:58:59.000Z
runner,43.3680160,-1.8680715,OSM,2022-04-15T09:59:06.000Z
runner,43.3679825,-1.8680290,OSM,2022-04-15T09:59:12.000Z
runner,43.3679450,-1.8679825,OSM,2022-04-15T09:59:19.000Z
runner,43.3679106,-1.8679403,OSM,2022-04-15T09:59:24.000Z
runner,43.3678931,-1.8678829,OSM,2022-04-15T09:59:29.000Z
runner,43.3678594,-1.8678405,OSM,2022-04-15T09:59:35.000Z
runner,43.3678362,-1.8677798,OSM,2022-04-15T09:59:44.000Z
runner,43.3678526,-1.8677182,OSM,2022-04-15T09:59:48.000Z
runner,43.3678908,-1.8676785,OSM,2022-04-15T09:59:53.000Z
runner,43.3679047,-1.8676115,OSM,2022-04-15T09:59:57.000Z
runner,43.3679552,-1.8676108,OSM,2022-04-15T10:00:03.000Z
runner,43.3679324,-1.8675362,OSM,2022-04-15T10:00:07.000Z
runner,43.3679739,-1.8674709,OSM,2022-04-15T10:00:10.000Z
runner,43.3680211,-1.8674491,OSM,2022-04-15T10:00:12.000Z
runner,43.3680789,-1.8674294,OSM,2022-04-15T10:00:15.000Z
runner,43.3681230,-1.8674068,OSM,2022-04-15T10:00:19.000Z
runner,43.3681055,-1.8673441,OSM,2022-04-15T10:00:26.000Z
runner,43.3680702,-1.8672803,OSM,2022-04-15T10:00:30.000Z
runner,43.3680434,-1.8672182,OSM,2022-04-15T10:00:34.000Z
runner,43.3680334,-1.8671572,OSM,2022-04-15T10:00:38.000Z
runner,43.3680000,-1.8671025,OSM,2022-04-15T10:00:44.000Z
runner,43.3679588,-1.8670767,OSM,2022-04-15T10:00:48.000Z
runner,43.3679211,-1.8670289,OSM,2022-04-15T10:00:52.000Z
runner,43.3679228,-1.8669573,OSM,2022-04-15T10:00:57.000Z
runner,43.3678995,-1.8669029,OSM,2022-04-15T10:01:02.000Z
runner,43.3678477,-1.8668721,OSM,2022-04-15T10:01:07.000Z
runner,43.3677954,-1.8668392,OSM,2022-04-15T10:01:11.000Z
runner,43.3677464,-1.8667983,OSM,2022-04-15T10:01:15.000Z
runner,43.3677007,-1.8667533,OSM,2022-04-15T10:01:19.000Z
runner,43.3676530,-1.8667506,OSM,2022-04-15T10:01:25.000Z
runner,43.3676040,-1.8667732,OSM,2022-04-15T10:01:30.000Z
runner,43.3675574,-1.8667419,OSM,2022-04-15T10:01:34.000Z
runner,43.3675136,-1.8667593,OSM,2022-04-15T10:01:49.000Z
runner,43.3674593,-1.8667328,OSM,2022-04-15T10:01:54.000Z
runner,43.3674086,-1.8666976,OSM,2022-04-15T10:01:58.000Z
runner,43.3673632,-1.8666944,OSM,2022-04-15T10:02:12.000Z
runner,43.3673151,-1.8666934,OSM,2022-04-15T10:02:16.000Z
runner,43.3672753,-1.8667308,OSM,2022-04-15T10:02:21.000Z
runner,43.3672207,-1.8667462,OSM,2022-04-15T10:02:28.000Z
runner,43.3671693,-1.8667150,OSM,2022-04-15T10:02:33.000Z
runner,43.3671249,-1.8666867,OSM,2022-04-15T10:02:37.000Z
runner,43.3670773,-1.8666781,OSM,2022-04-15T10:02:42.000Z
runner,43.3670260,-1.8666732,OSM,2022-04-15T10:02:48.000Z
runner,43.3669867,-1.8666363,OSM,2022-04-15T10:02:53.000Z
runner,43.3669339,-1.8666100,OSM,2022-04-15T10:02:58.000Z
runner,43.3668780,-1.8666052,OSM,2022-04-15T10:03:03.000Z
runner,43.3668358,-1.8665745,OSM,2022-04-15T10:03:08.000Z
runner,43.3667917,-1.8665618,OSM,2022-04-15T10:03:13.000Z
runner,43.3667389,-1.8665459,OSM,2022-04-15T10:03:18.000Z
runner,43.3666831,-1.8665505,OSM,2022-04-15T10:03:23.000Z
runner,43.3666386,-1.8665700,OSM,2022-04-15T10:03:27.000Z
runner,43.3665869,-1.8665482,OSM,2022-04-15T10:03:31.000Z
runner,43.3665450,-1.8665074,OSM,2022-04-15T10:03:36.000Z
runner,43.3665010,-1.8664676,OSM,2022-04-15T10:03:41.000Z
runner,43.3664625,-1.8664257,OSM,2022-04-15T10:03:45.000Z
runner,43.3664102,-1.8664236,OSM,2022-04-15T10:03:50.000Z
runner,43.3663578,-1.8664136,OSM,2022-04-15T10:03:55.000Z
runner,43.3663098,-1.8664406,OSM,2022-04-15T10:04:00.000Z
runner,43.3662638,-1.8664227,OSM,2022-04-15T10:04:06.000Z
runner,43.3662249,-1.8663704,OSM,2022-04-15T10:04:10.000Z
runner,43.3661869,-1.8663323,OSM,2022-04-15T10:04:14.000Z
runner,43.3661342,-1.8662990,OSM,2022-04-15T10:04:18.000Z
runner,43.3660833,-1.8662767,OSM,2022-04-15T10:04:22.000Z
runner,43.3660434,-1.8662285,OSM,2022-04-15T10:04:26.000Z
runner,43.3660089,-1.8661689,OSM,2022-04-15T10:04:30.000Z
runner,43.3659718,-1.8661211,OSM,2022-04-15T10:04:34.000Z
runner,43.3659264,-1.8660873,OSM,2022-04-15T10:04:38.000Z
runner,43.3658793,-1.8660778,OSM,2022-04-15T10:04:42.000Z
runner,43.3658330,-1.8660684,OSM,2022-04-15T10:04:46.000Z
runner,43.3657835,-1.8660506,OSM,2022-04-15T10:04:51.000Z
runner,43.3657378,-1.8660342,OSM,2022-04-15T10:04:54.000Z
runner,43.3656962,-1.8660040,OSM,2022-04-15T10:05:05.000Z
runner,43.3656507,-1.8659845,OSM,2022-04-15T10:05:09.000Z
runner,43.3656052,-1.8659742,OSM,2022-04-15T10:05:13.000Z
runner,43.3655577,-1.8659853,OSM,2022-04-15T10:05:17.000Z
runner,43.3655133,-1.8660287,OSM,2022-04-15T10:05:21.000Z
runner,43.3654634,-1.8660310,OSM,2022-04-15T10:05:26.000Z
runner,43.3654196,-1.8660099,OSM,2022-04-15T10:05:30.000Z
runner,43.3653751,-1.8659718,OSM,2022-04-15T10:05:35.000Z
runner,43.3653314,-1.8660000,OSM,2022-04-15T10:05:44.000Z
runner,43.3652871,-1.8660102,OSM,2022-04-15T10:05:48.000Z
runner,43.3652500,-1.8660485,OSM,2022-04-15T10:05:52.000Z
runner,43.3651976,-1.8660563,OSM,2022-04-15T10:05:57.000Z
runner,43.3651448,-1.8660642,OSM,2022-04-15T10:06:01.000Z
runner,43.3650939,-1.8661020,OSM,2022-04-15T10:06:05.000Z
runner,43.3650418,-1.8661233,OSM,2022-04-15T10:06:10.000Z
runner,43.3649999,-1.8661573,OSM,2022-04-15T10:06:16.000Z
runner,43.3649558,-1.8661737,OSM,2022-04-15T10:06:22.000Z
runner,43.3649951,-1.8662110,OSM,2022-04-15T10:06:33.000Z
runner,43.3650462,-1.8661983,OSM,2022-04-15T10:06:38.000Z
runner,43.3650228,-1.8661345,OSM,2022-04-15T10:06:48.000Z
runner,43.3650784,-1.8661194,OSM,2022-04-15T10:06:53.000Z
runner,43.3651307,-1.8661162,OSM,2022-04-15T10:06:58.000Z
runner,43.3651811,-1.8660958,OSM,2022-04-15T10:07:03.000Z
runner,43.3652213,-1.8660483,OSM,2022-04-15T10:07:07.000Z
runner,43.3652677,-1.8660426,OSM,2022-04-15T10:07:11.000Z
runner,43.3653204,-1.8660324,OSM,2022-04-15T10:07:17.000Z
runner,43.3653437,-1.8659665,OSM,2022-04-15T10:07:23.000Z
runner,43.3653328,-1.8658862,OSM,2022-04-15T10:07:43.000Z
runner,43.3653525,-1.8658156,OSM,2022-04-15T10:07:47.000Z
runner,43.3653533,-1.8657480,OSM,2022-04-15T10:07:51.000Z
runner,43.3653296,-1.8656938,OSM,2022-04-15T10:07:55.000Z
runner,43.3653043,-1.8656364,OSM,2022-04-15T10:07:59.000Z
runner,43.3652841,-1.8655668,OSM,2022-04-15T10:08:03.000Z
runner,43.3652641,-1.8654945,OSM,2022-04-15T10:08:07.000Z
runner,43.3652416,-1.8654288,OSM,2022-04-15T10:08:11.000Z
runner,43.3652143,-1.8653760,OSM,2022-04-15T10:08:15.000Z
runner,43.3651862,-1.8653230,OSM,2022-04-15T10:08:19.000Z
runner,43.3651566,-1.8652671,OSM,2022-04-15T10:08:23.000Z
runner,43.3651368,-1.8652051,OSM,2022-04-15T10:08:27.000Z
runner,43.3651177,-1.8651410,OSM,2022-04-15T10:08:31.000Z
runner,43.3651045,-1.8650774,OSM,2022-04-15T10:08:35.000Z
runner,43.3650944,-1.8650125,OSM,2022-04-15T10:08:39.000Z
runner,43.3650865,-1.8649457,OSM,2022-04-15T10:08:43.000Z
runner,43.3650686,-1.8648785,OSM,2022-04-15T10:08:47.000Z
runner,43.3650515,-1.8648200,OSM,2022-04-15T10:08:51.000Z
runner,43.3650564,-1.8647473,OSM,2022-04-15T10:08:55.000Z
runner,43.3650522,-1.8646802,OSM,2022-04-15T10:08:59.000Z
runner,43.3650610,-1.8646189,OSM,2022-04-15T10:09:03.000Z
runner,43.3650862,-1.8645652,OSM,2022-04-15T10:09:06.000Z
runner,43.3650804,-1.8645034,OSM,2022-04-15T10:09:10.000Z
runner,43.3650623,-1.8644463,OSM,2022-04-15T10:09:14.000Z
runner,43.3650371,-1.8643806,OSM,2022-04-15T10:09:19.000Z
runner,43.3650142,-1.8643194,OSM,2022-04-15T10:09:23.000Z
runner,43.3649889,-1.8642546,OSM,2022-04-15T10:09:28.000Z
runner,43.3649687,-1.8641896,OSM,2022-04-15T10:09:32.000Z
runner,43.3649575,-1.8641194,OSM,2022-04-15T10:09:36.000Z
runner,43.3649363,-1.8640614,OSM,2022-04-15T10:09:40.000Z
runner,43.3649332,-1.8639943,OSM,2022-04-15T10:09:44.000Z
runner,43.3649190,-1.8639285,OSM,2022-04-15T10:09:48.000Z
runner,43.3649081,-1.8638682,OSM,2022-04-15T10:09:52.000Z
runner,43.3649092,-1.8638014,OSM,2022-04-15T10:09:56.000Z
runner,43.3648783,-1.8637390,OSM,2022-04-15T10:10:01.000Z
runner,43.3648356,-1.8636939,OSM,2022-04-15T10:10:06.000Z
runner,43.3647879,-1.8636682,OSM,2022-04-15T10:10:10.000Z
runner,43.3647376,-1.8636548,OSM,2022-04-15T10:10:14.000Z
runner,43.3646865,-1.8636517,OSM,2022-04-15T10:10:18.000Z
runner,43.3646379,-1.8636436,OSM,2022-04-15T10:10:22.000Z
runner,43.3645886,-1.8636321,OSM,2022-04-15T10:10:26.000Z
runner,43.3645479,-1.8635833,OSM,2022-04-15T10:10:30.000Z
runner,43.3645037,-1.8635399,OSM,2022-04-15T10:10:35.000Z
runner,43.3644548,-1.8635023,OSM,2022-04-15T10:10:40.000Z
runner,43.3644154,-1.8634687,OSM,2022-04-15T10:10:44.000Z
runner,43.3643659,-1.8634679,OSM,2022-04-15T10:10:47.000Z
runner,43.3643183,-1.8634571,OSM,2022-04-15T10:10:49.000Z
runner,43.3642654,-1.8634061,OSM,2022-04-15T10:10:51.000Z
runner,43.3642420,-1.8633419,OSM,2022-04-15T10:10:55.000Z
runner,43.3641854,-1.8633511,OSM,2022-04-15T10:11:00.000Z
runner,43.3641306,-1.8633653,OSM,2022-04-15T10:11:05.000Z
runner,43.3640759,-1.8633782,OSM,2022-04-15T10:11:09.000Z
runner,43.3640240,-1.8633982,OSM,2022-04-15T10:11:13.000Z
runner,43.3639754,-1.8633886,OSM,2022-04-15T10:11:16.000Z
runner,43.3639386,-1.8633254,OSM,2022-04-15T10:11:18.000Z
runner,43.3639012,-1.8632838,OSM,2022-04-15T10:11:21.000Z
runner,43.3638631,-1.8632389,OSM,2022-04-15T10:11:26.000Z
runner,43.3638327,-1.8631911,OSM,2022-04-15T10:11:35.000Z
runner,43.3637930,-1.8632383,OSM,2022-04-15T10:11:38.000Z
runner,43.3637532,-1.8632842,OSM,2022-04-15T10:11:41.000Z
runner,43.3637015,-1.8632898,OSM,2022-04-15T10:11:47.000Z
runner,43.3636503,-1.8632645,OSM,2022-04-15T10:11:51.000Z
runner,43.3636002,-1.8632229,OSM,2022-04-15T10:11:54.000Z
runner,43.3635626,-1.8631857,OSM,2022-04-15T10:11:57.000Z
runner,43.3635044,-1.8631630,OSM,2022-04-15T10:12:01.000Z
runner,43.3634553,-1.8631725,OSM,2022-04-15T10:12:06.000Z
runner,43.3634060,-1.8631649,OSM,2022-04-15T10:12:11.000Z
runner,43.3633560,-1.8631334,OSM,2022-04-15T10:12:16.000Z
runner,43.3633117,-1.8631151,OSM,2022-04-15T10:12:20.000Z
runner,43.3632600,-1.8631125,OSM,2022-04-15T10:12:24.000Z
runner,43.3632087,-1.8631074,OSM,2022-04-15T10:12:28.000Z
runner,43.3631567,-1.8631088,OSM,2022-04-15T10:12:32.000Z
runner,43.3630982,-1.8630996,OSM,2022-04-15T10:12:36.000Z
runner,43.3630566,-1.8630753,OSM,2022-04-15T10:12:39.000Z
runner,43.3630054,-1.8630483,OSM,2022-04-15T10:12:43.000Z
runner,43.3629486,-1.8630274,OSM,2022-04-15T10:12:47.000Z
runner,43.3628935,-1.8630125,OSM,2022-04-15T10:12:51.000Z
runner,43.3628374,-1.8630060,OSM,2022-04-15T10:12:55.000Z
runner,43.3627908,-1.8629940,OSM,2022-04-15T10:12:59.000Z
runner,43.3627467,-1.8629750,OSM,2022-04-15T10:13:03.000Z
runner,43.3626940,-1.8629660,OSM,2022-04-15T10:13:07.000Z
runner,43.3626437,-1.8629576,OSM,2022-04-15T10:13:11.000Z
runner,43.3625933,-1.8629638,OSM,2022-04-15T10:13:15.000Z
runner,43.3625426,-1.8629512,OSM,2022-04-15T10:13:19.000Z
runner,43.3624948,-1.8629215,OSM,2022-04-15T10:13:23.000Z
runner,43.3624427,-1.8629032,OSM,2022-04-15T10:13:27.000Z
runner,43.3623933,-1.8628774,OSM,2022-04-15T10:13:31.000Z
runner,43.3623473,-1.8628495,OSM,2022-04-15T10:13:35.000Z
runner,43.3623047,-1.8628086,OSM,2022-04-15T10:13:39.000Z
runner,43.3622644,-1.8627606,OSM,2022-04-15T10:13:43.000Z
runner,43.3622217,-1.8627187,OSM,2022-04-15T10:13:47.000Z
runner,43.3621769,-1.8626847,OSM,2022-04-15T10:13:51.000Z
runner,43.3621293,-1.8626493,OSM,2022-04-15T10:13:55.000Z
runner,43.3620775,-1.8626161,OSM,2022-04-15T10:13:59.000Z
runner,43.3620278,-1.8625887,OSM,2022-04-15T10:14:03.000Z
runner,43.3619807,-1.8625710,OSM,2022-04-15T10:14:07.000Z
runner,43.3619351,-1.8625511,OSM,2022-04-15T10:14:11.000Z
runner,43.3618839,-1.8625281,OSM,2022-04-15T10:14:15.000Z
runner,43.3618378,-1.8625114,OSM,2022-04-15T10:14:19.000Z
runner,43.3618024,-1.8624634,OSM,2022-04-15T10:14:23.000Z
runner,43.3617630,-1.8624162,OSM,2022-04-15T10:14:27.000Z
runner,43.3617310,-1.8623687,OSM,2022-04-15T10:14:31.000Z
runner,43.3616951,-1.8623242,OSM,2022-04-15T10:14:35.000Z
runner,43.3616505,-1.8622770,OSM,2022-04-15T10:14:40.000Z
runner,43.3616061,-1.8622340,OSM,2022-04-15T10:14:45.000Z
runner,43.3615661,-1.8621981,OSM,2022-04-15T10:14:49.000Z
runner,43.3615283,-1.8621603,OSM,2022-04-15T10:14:53.000Z
runner,43.3614758,-1.8621266,OSM,2022-04-15T10:14:57.000Z
runner,43.3614311,-1.8620871,OSM,2022-04-15T10:15:01.000Z
runner,43.3613832,-1.8620545,OSM,2022-04-15T10:15:05.000Z
runner,43.3613310,-1.8620287,OSM,2022-04-15T10:15:09.000Z
runner,43.3612784,-1.8620027,OSM,2022-04-15T10:15:13.000Z
runner,43.3612284,-1.8619760,OSM,2022-04-15T10:15:17.000Z
runner,43.3611783,-1.8619547,OSM,2022-04-15T10:15:21.000Z
runner,43.3611326,-1.8619312,OSM,2022-04-15T10:15:25.000Z
runner,43.3610947,-1.8618930,OSM,2022-04-15T10:15:29.000Z
runner,43.3610646,-1.8618458,OSM,2022-04-15T10:15:33.000Z
runner,43.3610351,-1.8617959,OSM,2022-04-15T10:15:37.000Z
runner,43.3609872,-1.8617920,OSM,2022-04-15T10:15:41.000Z
runner,43.3609412,-1.8617946,OSM,2022-04-15T10:15:45.000Z
runner,43.3608909,-1.8617918,OSM,2022-04-15T10:15:49.000Z
runner,43.3608444,-1.8617785,OSM,2022-04-15T10:15:53.000Z
runner,43.3607977,-1.8617612,OSM,2022-04-15T10:15:57.000Z
runner,43.3607518,-1.8617524,OSM,2022-04-15T10:16:01.000Z
runner,43.3606961,-1.8617451,OSM,2022-04-15T10:16:06.000Z
runner,43.3606407,-1.8617380,OSM,2022-04-15T10:16:10.000Z
runner,43.3605905,-1.8617386,OSM,2022-04-15T10:16:14.000Z
runner,43.3605401,-1.8617406,OSM,2022-04-15T10:16:18.000Z
runner,43.3604880,-1.8617317,OSM,2022-04-15T10:16:22.000Z
runner,43.3604340,-1.8617336,OSM,2022-04-15T10:16:26.000Z
runner,43.3603837,-1.8617559,OSM,2022-04-15T10:16:30.000Z
runner,43.3603346,-1.8617878,OSM,2022-04-15T10:16:34.000Z
runner,43.3602829,-1.8618176,OSM,2022-04-15T10:16:38.000Z
runner,43.3602296,-1.8618441,OSM,2022-04-15T10:16:42.000Z
runner,43.3601747,-1.8618562,OSM,2022-04-15T10:16:46.000Z
runner,43.3601206,-1.8618444,OSM,2022-04-15T10:16:50.000Z
runner,43.3600788,-1.8618179,OSM,2022-04-15T10:16:54.000Z
runner,43.3600331,-1.8617673,OSM,2022-04-15T10:16:58.000Z
runner,43.3600062,-1.8617158,OSM,2022-04-15T10:17:02.000Z
runner,43.3599808,-1.8616625,OSM,2022-04-15T10:17:06.000Z
runner,43.3599512,-1.8616001,OSM,2022-04-15T10:17:10.000Z
runner,43.3599330,-1.8615276,OSM,2022-04-15T10:17:14.000Z
runner,43.3599121,-1.8614611,OSM,2022-04-15T10:17:18.000Z
runner,43.3598943,-1.8613979,OSM,2022-04-15T10:17:22.000Z
runner,43.3598808,-1.8613307,OSM,2022-04-15T10:17:26.000Z
runner,43.3598781,-1.8612627,OSM,2022-04-15T10:17:30.000Z
runner,43.3599031,-1.8612061,OSM,2022-04-15T10:17:34.000Z
runner,43.3599218,-1.8611408,OSM,2022-04-15T10:17:38.000Z
runner,43.3599358,-1.8610755,OSM,2022-04-15T10:17:42.000Z
runner,43.3599422,-1.8610010,OSM,2022-04-15T10:17:46.000Z
runner,43.3599394,-1.8609376,OSM,2022-04-15T10:17:49.000Z
runner,43.3599276,-1.8608626,OSM,2022-04-15T10:17:53.000Z
runner,43.3599012,-1.8607983,OSM,2022-04-15T10:17:57.000Z
runner,43.3598779,-1.8607333,OSM,2022-04-15T10:18:01.000Z
runner,43.3598546,-1.8606694,OSM,2022-04-15T10:18:05.000Z
runner,43.3598366,-1.8605994,OSM,2022-04-15T10:18:09.000Z
runner,43.3598227,-1.8605382,OSM,2022-04-15T10:18:13.000Z
runner,43.3598041,-1.8604809,OSM,2022-04-15T10:18:17.000Z
runner,43.3597771,-1.8604224,OSM,2022-04-15T10:18:21.000Z
runner,43.3597339,-1.8603778,OSM,2022-04-15T10:18:26.000Z
runner,43.3596872,-1.8603528,OSM,2022-04-15T10:18:30.000Z
runner,43.3596398,-1.8603397,OSM,2022-04-15T10:18:34.000Z
runner,43.3595922,-1.8603515,OSM,2022-04-15T10:18:38.000Z
runner,43.3595455,-1.8603528,OSM,2022-04-15T10:18:42.000Z
runner,43.3595073,-1.8603186,OSM,2022-04-15T10:18:46.000Z
runner,43.3594736,-1.8602772,OSM,2022-04-15T10:18:50.000Z
runner,43.3594800,-1.8602061,OSM,2022-04-15T10:18:54.000Z
runner,43.3594641,-1.8601475,OSM,2022-04-15T10:18:59.000Z
runner,43.3594182,-1.8601777,OSM,2022-04-15T10:19:08.000Z
runner,43.3593723,-1.8601777,OSM,2022-04-15T10:19:11.000Z
runner,43.3593154,-1.8601763,OSM,2022-04-15T10:19:14.000Z
runner,43.3592573,-1.8601686,OSM,2022-04-15T10:19:18.000Z
runner,43.3592015,-1.8601685,OSM,2022-04-15T10:19:22.000Z
runner,43.3591488,-1.8601595,OSM,2022-04-15T10:19:26.000Z
runner,43.3590976,-1.8601510,OSM,2022-04-15T10:19:30.000Z
runner,43.3590447,-1.8601324,OSM,2022-04-15T10:19:34.000Z
runner,43.3589919,-1.8601191,OSM,2022-04-15T10:19:38.000Z
runner,43.3589430,-1.8601203,OSM,2022-04-15T10:19:42.000Z
runner,43.3588902,-1.8601216,OSM,2022-04-15T10:19:46.000Z
runner,43.3588372,-1.8601293,OSM,2022-04-15T10:19:50.000Z
runner,43.3587870,-1.8601287,OSM,2022-04-15T10:19:54.000Z
runner,43.3587418,-1.8601724,OSM,2022-04-15T10:19:59.000Z
runner,43.3587408,-1.8602504,OSM,2022-04-15T10:20:03.000Z
runner,43.3587315,-1.8603280,OSM,2022-04-15T10:20:07.000Z
runner,43.3587400,-1.8603971,OSM,2022-04-15T10:20:12.000Z
runner,43.3587548,-1.8604712,OSM,2022-04-15T10:20:17.000Z
runner,43.3587712,-1.8605417,OSM,2022-04-15T10:20:20.000Z
runner,43.3587914,-1.8606100,OSM,2022-04-15T10:20:24.000Z
runner,43.3588078,-1.8606695,OSM,2022-04-15T10:20:28.000Z
runner,43.3588193,-1.8607417,OSM,2022-04-15T10:20:33.000Z
runner,43.3588313,-1.8608029,OSM,2022-04-15T10:20:37.000Z
runner,43.3588182,-1.8608693,OSM,2022-04-15T10:20:41.000Z
runner,43.3588267,-1.8609385,OSM,2022-04-15T10:20:45.000Z
runner,43.3588346,-1.8610046,OSM,2022-04-15T10:20:49.000Z
runner,43.3588380,-1.8610731,OSM,2022-04-15T10:20:53.000Z
runner,43.3588525,-1.8611384,OSM,2022-04-15T10:20:57.000Z
runner,43.3588481,-1.8612135,OSM,2022-04-15T10:21:02.000Z
runner,43.3588382,-1.8612824,OSM,2022-04-15T10:21:06.000Z
runner,43.3588370,-1.8613567,OSM,2022-04-15T10:21:10.000Z
runner,43.3588387,-1.8614268,OSM,2022-04-15T10:21:14.000Z
runner,43.3588314,-1.8614943,OSM,2022-04-15T10:21:18.000Z
runner,43.3588230,-1.8615631,OSM,2022-04-15T10:21:22.000Z
runner,43.3588074,-1.8616268,OSM,2022-04-15T10:21:26.000Z
runner,43.3587895,-1.8616864,OSM,2022-04-15T10:21:30.000Z
runner,43.3587622,-1.8617364,OSM,2022-04-15T10:21:34.000Z
runner,43.3587258,-1.8617775,OSM,2022-04-15T10:21:38.000Z
runner,43.3586782,-1.8617909,OSM,2022-04-15T10:21:42.000Z
runner,43.3586262,-1.8617999,OSM,2022-04-15T10:21:47.000Z
runner,43.3585693,-1.8617864,OSM,2022-04-15T10:21:52.000Z
runner,43.3585267,-1.8617538,OSM,2022-04-15T10:21:56.000Z
runner,43.3584717,-1.8617351,OSM,2022-04-15T10:22:01.000Z
runner,43.3584284,-1.8617039,OSM,2022-04-15T10:22:05.000Z
runner,43.3583762,-1.8616914,OSM,2022-04-15T10:22:09.000Z
runner,43.3583275,-1.8616767,OSM,2022-04-15T10:22:13.000Z
runner,43.3582782,-1.8616654,OSM,2022-04-15T10:22:17.000Z
runner,43.3582321,-1.8616554,OSM,2022-04-15T10:22:21.000Z
runner,43.3581849,-1.8616391,OSM,2022-04-15T10:22:25.000Z
runner,43.3581330,-1.8616298,OSM,2022-04-15T10:22:29.000Z
runner,43.3580848,-1.8616108,OSM,2022-04-15T10:22:33.000Z
runner,43.3580365,-1.8615933,OSM,2022-04-15T10:22:37.000Z
runner,43.3579856,-1.8615883,OSM,2022-04-15T10:22:41.000Z
runner,43.3579404,-1.8615689,OSM,2022-04-15T10:22:45.000Z
runner,43.3578949,-1.8615522,OSM,2022-04-15T10:22:49.000Z
runner,43.3578471,-1.8615370,OSM,2022-04-15T10:22:53.000Z
runner,43.3577979,-1.8615329,OSM,2022-04-15T10:22:57.000Z
runner,43.3577499,-1.8615358,OSM,2022-04-15T10:23:01.000Z
runner,43.3577005,-1.8615468,OSM,2022-04-15T10:23:05.000Z
runner,43.3576521,-1.8615631,OSM,2022-04-15T10:23:09.000Z
runner,43.3576000,-1.8615593,OSM,2022-04-15T10:23:13.000Z
runner,43.3575500,-1.8615396,OSM,2022-04-15T10:23:17.000Z
runner,43.3574998,-1.8615223,OSM,2022-04-15T10:23:21.000Z
runner,43.3574551,-1.8614888,OSM,2022-04-15T10:23:25.000Z
runner,43.3574103,-1.8614437,OSM,2022-04-15T10:23:29.000Z
runner,43.3573653,-1.8614073,OSM,2022-04-15T10:23:33.000Z
runner,43.3573280,-1.8613556,OSM,2022-04-15T10:23:37.000Z
runner,43.3572996,-1.8612950,OSM,2022-04-15T10:23:41.000Z
runner,43.3572673,-1.8612435,OSM,2022-04-15T10:23:45.000Z
runner,43.3572207,-1.8612171,OSM,2022-04-15T10:23:49.000Z
runner,43.3571630,-1.8612129,OSM,2022-04-15T10:23:53.000Z
runner,43.3571136,-1.8612260,OSM,2022-04-15T10:23:57.000Z
runner,43.3570762,-1.8612619,OSM,2022-04-15T10:24:01.000Z
runner,43.3570299,-1.8612911,OSM,2022-04-15T10:24:05.000Z
runner,43.3569820,-1.8613198,OSM,2022-04-15T10:24:09.000Z
runner,43.3569351,-1.8613470,OSM,2022-04-15T10:24:13.000Z
runner,43.3568890,-1.8613733,OSM,2022-04-15T10:24:17.000Z
runner,43.3568437,-1.8614056,OSM,2022-04-15T10:24:21.000Z
runner,43.3568014,-1.8614458,OSM,2022-04-15T10:24:27.000Z
runner,43.3567456,-1.8614816,OSM,2022-04-15T10:24:31.000Z
runner,43.3566923,-1.8615043,OSM,2022-04-15T10:24:35.000Z
runner,43.3566430,-1.8615187,OSM,2022-04-15T10:24:39.000Z
runner,43.3565932,-1.8615417,OSM,2022-04-15T10:24:42.000Z
runner,43.3565509,-1.8615673,OSM,2022-04-15T10:24:45.000Z
runner,43.3565110,-1.8616060,OSM,2022-04-15T10:24:49.000Z
runner,43.3564694,-1.8616379,OSM,2022-04-15T10:24:53.000Z
runner,43.3564112,-1.8616365,OSM,2022-04-15T10:24:58.000Z
runner,43.3563679,-1.8616707,OSM,2022-04-15T10:25:02.000Z
runner,43.3563266,-1.8617147,OSM,2022-04-15T10:25:06.000Z
runner,43.3562863,-1.8617450,OSM,2022-04-15T10:25:10.000Z
runner,43.3562371,-1.8617577,OSM,2022-04-15T10:25:14.000Z
runner,43.3561857,-1.8617533,OSM,2022-04-15T10:25:17.000Z
runner,43.3561267,-1.8617440,OSM,2022-04-15T10:25:21.000Z
runner,43.3560758,-1.8617724,OSM,2022-04-15T10:25:24.000Z
runner,43.3560343,-1.8618269,OSM,2022-04-15T10:25:27.000Z
runner,43.3559954,-1.8618846,OSM,2022-04-15T10:25:31.000Z
runner,43.3559519,-1.8619125,OSM,2022-04-15T10:25:36.000Z
runner,43.3558972,-1.8619133,OSM,2022-04-15T10:25:42.000Z
runner,43.3558521,-1.8619198,OSM,2022-04-15T10:25:46.000Z
runner,43.3558045,-1.8619316,OSM,2022-04-15T10:25:50.000Z
runner,43.3557801,-1.8619849,OSM,2022-04-15T10:25:55.000Z
runner,43.3558046,-1.8620381,OSM,2022-04-15T10:25:59.000Z
runner,43.3558471,-1.8620713,OSM,2022-04-15T10:26:03.000Z
runner,43.3558950,-1.8621168,OSM,2022-04-15T10:26:07.000Z
runner,43.3559304,-1.8621554,OSM,2022-04-15T10:26:10.000Z
runner,43.3559679,-1.8621906,OSM,2022-04-15T10:26:13.000Z
runner,43.3560147,-1.8622335,OSM,2022-04-15T10:26:17.000Z
runner,43.3560587,-1.8622752,OSM,2022-04-15T10:26:21.000Z
runner,43.3561034,-1.8623175,OSM,2022-04-15T10:26:25.000Z
runner,43.3561475,-1.8623589,OSM,2022-04-15T10:26:29.000Z
runner,43.3561950,-1.8623984,OSM,2022-04-15T10:26:33.000Z
runner,43.3562395,-1.8624396,OSM,2022-04-15T10:26:38.000Z
runner,43.3562882,-1.8624753,OSM,2022-04-15T10:26:43.000Z
runner,43.3563333,-1.8625057,OSM,2022-04-15T10:26:47.000Z
runner,43.3563765,-1.8625328,OSM,2022-04-15T10:26:51.000Z
runner,43.3564255,-1.8625564,OSM,2022-04-15T10:26:55.000Z
runner,43.3564768,-1.8625797,OSM,2022-04-15T10:26:59.000Z
runner,43.3565254,-1.8626142,OSM,2022-04-15T10:27:03.000Z
runner,43.3565729,-1.8626436,OSM,2022-04-15T10:27:07.000Z
runner,43.3566187,-1.8626776,OSM,2022-04-15T10:27:11.000Z
runner,43.3566695,-1.8627173,OSM,2022-04-15T10:27:15.000Z
runner,43.3567164,-1.8627566,OSM,2022-04-15T10:27:19.000Z
runner,43.3567603,-1.8628065,OSM,2022-04-15T10:27:23.000Z
runner,43.3568007,-1.8628508,OSM,2022-04-15T10:27:27.000Z
runner,43.3568423,-1.8628991,OSM,2022-04-15T10:27:31.000Z
runner,43.3568864,-1.8629413,OSM,2022-04-15T10:27:35.000Z
runner,43.3569248,-1.8629918,OSM,2022-04-15T10:27:39.000Z
runner,43.3569644,-1.8630375,OSM,2022-04-15T10:27:43.000Z
runner,43.3570028,-1.8630912,OSM,2022-04-15T10:27:47.000Z
runner,43.3570463,-1.8631433,OSM,2022-04-15T10:27:51.000Z
runner,43.3570840,-1.8631964,OSM,2022-04-15T10:27:55.000Z
runner,43.3571313,-1.8632364,OSM,2022-04-15T10:27:59.000Z
runner,43.3571710,-1.8632852,OSM,2022-04-15T10:28:03.000Z
runner,43.3572175,-1.8633294,OSM,2022-04-15T10:28:07.000Z
runner,43.3572628,-1.8633735,OSM,2022-04-15T10:28:11.000Z
runner,43.3573087,-1.8634202,OSM,2022-04-15T10:28:15.000Z
runner,43.3573524,-1.8634612,OSM,2022-04-15T10:28:19.000Z
runner,43.3573937,-1.8635060,OSM,2022-04-15T10:28:23.000Z
runner,43.3574273,-1.8635599,OSM,2022-04-15T10:28:27.000Z
runner,43.3574521,-1.8636218,OSM,2022-04-15T10:28:31.000Z
runner,43.3574809,-1.8636863,OSM,2022-04-15T10:28:35.000Z
runner,43.3575041,-1.8637487,OSM,2022-04-15T10:28:39.000Z
runner,43.3575094,-1.8638194,OSM,2022-04-15T10:28:43.000Z
runner,43.3575227,-1.8638923,OSM,2022-04-15T10:28:47.000Z
runner,43.3575322,-1.8639680,OSM,2022-04-15T10:28:51.000Z
runner,43.3575545,-1.8640324,OSM,2022-04-15T10:28:55.000Z
runner,43.3575907,-1.8640911,OSM,2022-04-15T10:28:59.000Z
runner,43.3576146,-1.8641575,OSM,2022-04-15T10:29:03.000Z
runner,43.3576377,-1.8642234,OSM,2022-04-15T10:29:08.000Z
runner,43.3576580,-1.8642830,OSM,2022-04-15T10:29:12.000Z
runner,43.3576918,-1.8643365,OSM,2022-04-15T10:29:16.000Z
runner,43.3577037,-1.8643995,OSM,2022-04-15T10:29:20.000Z
runner,43.3577012,-1.8644688,OSM,2022-04-15T10:29:24.000Z
runner,43.3576781,-1.8645308,OSM,2022-04-15T10:29:29.000Z
runner,43.3576560,-1.8645982,OSM,2022-04-15T10:29:34.000Z
runner,43.3576419,-1.8646572,OSM,2022-04-15T10:29:38.000Z
runner,43.3575979,-1.8647008,OSM,2022-04-15T10:29:43.000Z
runner,43.3575481,-1.8647155,OSM,2022-04-15T10:29:48.000Z
runner,43.3575008,-1.8646673,OSM,2022-04-15T10:29:53.000Z
runner,43.3574926,-1.8645990,OSM,2022-04-15T10:29:59.000Z
runner,43.3574676,-1.8645469,OSM,2022-04-15T10:30:05.000Z
runner,43.3574366,-1.8644984,OSM,2022-04-15T10:30:11.000Z
runner,43.3574012,-1.8644412,OSM,2022-04-15T10:30:17.000Z
runner,43.3573641,-1.8643916,OSM,2022-04-15T10:30:22.000Z
runner,43.3573225,-1.8643473,OSM,2022-04-15T10:30:26.000Z
